#,,,,,,,,,,,,,,,,,,,,,,,,,,,,,,,,,,,,,,,,,,,,,,,,,,,,,,,,,,,,,,,,,,,,,,,,,,,,,,,,,,,,,,,,,,,,,
pl_name,hostname,default_flag,disposition,disp_refname,sy_snum,sy_pnum,discoverymethod,disc_year,disc_facility,soltype,pl_controv_flag,pl_refname,pl_orbper,pl_orbpererr1,pl_orbpererr2,pl_orbperlim,pl_orbsmax,pl_orbsmaxerr1,pl_orbsmaxerr2,pl_orbsmaxlim,pl_rade,pl_radeerr1,pl_radeerr2,pl_radelim,pl_radj,pl_radjerr1,pl_radjerr2,pl_radjlim,pl_bmasse,pl_bmasseerr1,pl_bmasseerr2,pl_bmasselim,pl_bmassj,pl_bmassjerr1,pl_bmassjerr2,pl_bmassjlim,pl_bmassprov,pl_orbeccen,pl_orbeccenerr1,pl_orbeccenerr2,pl_orbeccenlim,pl_insol,pl_insolerr1,pl_insolerr2,pl_insollim,pl_eqt,pl_eqterr1,pl_eqterr2,pl_eqtlim,ttv_flag,st_refname,st_spectype,st_teff,st_tefferr1,st_tefferr2,st_tefflim,st_rad,st_raderr1,st_raderr2,st_radlim,st_mass,st_masserr1,st_masserr2,st_masslim,st_met,st_meterr1,st_meterr2,st_metlim,st_metratio,st_logg,st_loggerr1,st_loggerr2,st_logglim,sy_refname,rastr,ra,decstr,dec,sy_dist,sy_disterr1,sy_disterr2,sy_vmag,sy_vmagerr1,sy_vmagerr2,sy_kmag,sy_kmagerr1,sy_kmagerr2,releasedate,sy_gaiamag,sy_gaiamagerr1,sy_gaiamagerr2,rowupdate,pl_pubdate
EPIC 249476992.01,EPIC 249476992,1,CANDIDATE,Zink et al. 2021,1,0,Transit,2021,K2,Published Candidate,0,<a refstr=ZINK_ET_AL__2021 href=https://ui.adsabs.harvard.edu/abs/2021AJ....162..259Z/abstract target=ref>Zink et al. 2021</a>,7.943604,0.000471,-0.000561,0,,,,,1.992,0.148,-0.131,0,0.17771464,0.0132037,-0.01168706,0,,,,,,,,,,,,,,,,,,,,,,0,<a refstr=ZINK_ET_AL__2021 href=https://ui.adsabs.harvard.edu/abs/2021AJ....162..259Z/abstract target=ref>Zink et al. 2021</a>,G7,5498,138,-138,0,0.87,0.058,-0.051,0,0.837,0.364,-0.257,0,0.107,0.235,-0.235,0,[Fe/H],4.479,0.15,-0.15,0,<a refstr=STASSUN_ET_AL__2019 href=https://ui.adsabs.harvard.edu/abs/2019AJ....158..138S/abstract target=ref>TICv8</a>,15h22m08.01s,230.5333707,-22d01m45.39s,-22.0292743,312.413,3.673,-3.589,13.131,0.08,-0.08,11.131,0.025,-0.025,2021-11-19,12.8164,0.000292,-0.000292,2021-11-19,2021-12
EPIC 249559552.01,EPIC 249559552,1,CANDIDATE,Zink et al. 2021,1,0,Transit,2021,K2,Published Candidate,0,<a refstr=ZINK_ET_AL__2021 href=https://ui.adsabs.harvard.edu/abs/2021AJ....162..259Z/abstract target=ref>Zink et al. 2021</a>,7.815366,0.000203,-0.000136,0,,,,,2.403,0.18,-0.157,0,0.21438167,0.01605855,-0.01400663,0,,,,,,,,,,,,,,,,,,,,,,0,<a refstr=ZINK_ET_AL__2021 href=https://ui.adsabs.harvard.edu/abs/2021AJ....162..259Z/abstract target=ref>Zink et al. 2021</a>,K3,4884,138,-138,0,0.755,0.054,-0.048,0,0.994,0.449,-0.308,0,-0.074,0.235,-0.235,0,[Fe/H],4.676,0.15,-0.15,0,<a refstr=STASSUN_ET_AL__2019 href=https://ui.adsabs.harvard.edu/abs/2019AJ....158..138S/abstract target=ref>TICv8</a>,15h24m17.93s,231.0747251,-20d59m57.23s,-20.9992293,207.468,1.863,-1.832,13.242,0.092,-0.092,10.713,0.021,-0.021,2021-11-19,12.9123,0.000329,-0.000329,2021-11-19,2021-12
EPIC 249559552.02,EPIC 249559552,1,CANDIDATE,Zink et al. 2021,1,0,Transit,2021,K2,Published Candidate,0,<a refstr=ZINK_ET_AL__2021 href=https://ui.adsabs.harvard.edu/abs/2021AJ....162..259Z/abstract target=ref>Zink et al. 2021</a>,19.520805,0.001205,-0.001012,0,,,,,2.318,0.176,-0.154,0,0.20679846,0.0157017,-0.01373898,0,,,,,,,,,,,,,,,,,,,,,,0,<a refstr=ZINK_ET_AL__2021 href=https://ui.adsabs.harvard.edu/abs/2021AJ....162..259Z/abstract target=ref>Zink et al. 2021</a>,K3,4884,138,-138,0,0.755,0.054,-0.048,0,0.994,0.449,-0.308,0,-0.074,0.235,-0.235,0,[Fe/H],4.676,0.15,-0.15,0,<a refstr=STASSUN_ET_AL__2019 href=https://ui.adsabs.harvard.edu/abs/2019AJ....158..138S/abstract target=ref>TICv8</a>,15h24m17.93s,231.0747251,-20d59m57.23s,-20.9992293,207.468,1.863,-1.832,13.242,0.092,-0.092,10.713,0.021,-0.021,2021-11-19,12.9123,0.000329,-0.000329,2021-11-19,2021-12
EPIC 249561595.01,EPIC 249561595,1,CANDIDATE,Zink et al. 2021,1,0,Transit,2021,K2,Published Candidate,0,<a refstr=ZINK_ET_AL__2021 href=https://ui.adsabs.harvard.edu/abs/2021AJ....162..259Z/abstract target=ref>Zink et al. 2021</a>,39.57057,0.000598,-0.000639,0,,,,,23.661,1.925,-1.695,0,2.11089667,0.17173729,-0.15121803,0,,,,,,,,,,,,,,,,,,,,,,0,<a refstr=ZINK_ET_AL__2021 href=https://ui.adsabs.harvard.edu/abs/2021AJ....162..259Z/abstract target=ref>Zink et al. 2021</a>,G8,5166,138,-138,0,2.041,0.165,-0.145,0,0.876,0.4,-0.271,0,-0.368,0.235,-0.235,0,[Fe/H],3.761,0.15,-0.15,0,<a refstr=STASSUN_ET_AL__2019 href=https://ui.adsabs.harvard.edu/abs/2019AJ....158..138S/abstract target=ref>TICv8</a>,15h45m21.02s,236.3375878,-20d58m33.97s,-20.9761022,1208.99,49.2,-45.55,14.924,0.149,-0.149,12.337,0.025,-0.025,2021-11-19,14.5787,0.000546,-0.000546,2021-11-19,2021-12
EPIC 249599275.01,EPIC 249599275,1,CANDIDATE,Zink et al. 2021,1,0,Transit,2021,K2,Published Candidate,0,<a refstr=ZINK_ET_AL__2021 href=https://ui.adsabs.harvard.edu/abs/2021AJ....162..259Z/abstract target=ref>Zink et al. 2021</a>,11.29231,0.001447,-0.001292,0,,,,,2.348,0.209,-0.181,0,0.20947489,0.01864576,-0.01614777,0,,,,,,,,,,,,,,,,,,,,,,0,<a refstr=ZINK_ET_AL__2021 href=https://ui.adsabs.harvard.edu/abs/2021AJ....162..259Z/abstract target=ref>Zink et al. 2021</a>,K3,4660,138,-138,0,0.689,0.052,-0.046,0,0.821,0.368,-0.257,0,-0.302,0.235,-0.235,0,[Fe/H],4.676,0.15,-0.15,0,<a refstr=STASSUN_ET_AL__2019 href=https://ui.adsabs.harvard.edu/abs/2019AJ....158..138S/abstract target=ref>TICv8</a>,15h45m05.92s,236.2746666,-20d30m46.67s,-20.5129632,422.123,6.652,-6.453,15.387,0.137,-0.137,12.53,0.032,-0.032,2021-11-19,15.0004,0.000419,-0.000419,2021-11-19,2021-12
EPIC 249649721.01,EPIC 249649721,1,CANDIDATE,Zink et al. 2021,1,0,Transit,2021,K2,Published Candidate,0,<a refstr=ZINK_ET_AL__2021 href=https://ui.adsabs.harvard.edu/abs/2021AJ....162..259Z/abstract target=ref>Zink et al. 2021</a>,24.481285,0.002247,-0.002197,0,,,,,2.49,0.211,-0.179,0,0.2221433,0.01882419,-0.01596934,0,,,,,,,,,,,,,,,,,,,,,,0,<a refstr=ZINK_ET_AL__2021 href=https://ui.adsabs.harvard.edu/abs/2021AJ....162..259Z/abstract target=ref>Zink et al. 2021</a>,K3,4861,138,-138,0,0.761,0.055,-0.048,0,1.001,0.443,-0.308,0,-0.028,0.235,-0.235,0,[Fe/H],4.674,0.15,-0.15,0,<a refstr=STASSUN_ET_AL__2019 href=https://ui.adsabs.harvard.edu/abs/2019AJ....158..138S/abstract target=ref>TICv8</a>,15h46m04.69s,236.5195393,-19d52m54.20s,-19.8817214,354.044,3.946,-3.861,14.484,0.149,-0.149,11.864,0.024,-0.024,2021-11-19,14.1364,0.000332,-0.000332,2021-11-19,2021-12
EPIC 249703125.01,EPIC 249703125,1,CANDIDATE,Zink et al. 2021,1,0,Transit,2021,K2,Published Candidate,0,<a refstr=ZINK_ET_AL__2021 href=https://ui.adsabs.harvard.edu/abs/2021AJ....162..259Z/abstract target=ref>Zink et al. 2021</a>,10.307387,0.000178,-0.000207,0,,,,,2.602,0.18,-0.16,0,0.23213529,0.01605855,-0.01427427,0,,,,,,,,,,,,,,,,,,,,,,0,<a refstr=ZINK_ET_AL__2021 href=https://ui.adsabs.harvard.edu/abs/2021AJ....162..259Z/abstract target=ref>Zink et al. 2021</a>,G8,5359,138,-138,0,0.875,0.058,-0.052,0,0.864,0.387,-0.263,0,0.08,0.235,-0.235,0,[Fe/H],4.491,0.15,-0.15,0,<a refstr=STASSUN_ET_AL__2019 href=https://ui.adsabs.harvard.edu/abs/2019AJ....158..138S/abstract target=ref>TICv8</a>,15h30m33.07s,232.6377985,-19d11m20.39s,-19.1889985,299.694,2.847,-2.795,13.191,0.126,-0.126,11.063,0.026,-0.026,2021-11-19,12.8925,0.000245,-0.000245,2021-11-19,2021-12
EPIC 249731291.01,EPIC 249731291,1,CANDIDATE,Zink et al. 2021,1,0,Transit,2021,K2,Published Candidate,0,<a refstr=ZINK_ET_AL__2021 href=https://ui.adsabs.harvard.edu/abs/2021AJ....162..259Z/abstract target=ref>Zink et al. 2021</a>,10.205377,0.000566,-0.000562,0,,,,,6.31,0.429,-0.406,0,0.56294146,0.03827288,-0.03622096,0,,,,,,,,,,,,,,,,,,,,,,0,<a refstr=ZINK_ET_AL__2021 href=https://ui.adsabs.harvard.edu/abs/2021AJ....162..259Z/abstract target=ref>Zink et al. 2021</a>,F7,6332,138,-138,0,2.356,0.156,-0.148,0,2.312,1.014,-0.71,0,-0.069,0.235,-0.235,0,[Fe/H],4.062,0.15,-0.15,0,<a refstr=STASSUN_ET_AL__2019 href=https://ui.adsabs.harvard.edu/abs/2019AJ....158..138S/abstract target=ref>TICv8</a>,15h10m02.33s,227.5096887,-18d48m45.42s,-18.8126177,1127.47,43.89,-40.77,13.089,0.057,-0.057,11.601,0.026,-0.026,2021-11-19,12.8871,0.000328,-0.000328,2021-11-19,2021-12
EPIC 249731291.02,EPIC 249731291,1,CANDIDATE,Zink et al. 2021,1,0,Transit,2021,K2,Published Candidate,0,<a refstr=ZINK_ET_AL__2021 href=https://ui.adsabs.harvard.edu/abs/2021AJ....162..259Z/abstract target=ref>Zink et al. 2021</a>,23.336739,0.004682,-0.003379,0,,,,,5.824,0.407,-0.387,0,0.51958337,0.03631017,-0.03452589,0,,,,,,,,,,,,,,,,,,,,,,0,<a refstr=ZINK_ET_AL__2021 href=https://ui.adsabs.harvard.edu/abs/2021AJ....162..259Z/abstract target=ref>Zink et al. 2021</a>,F7,6332,138,-138,0,2.356,0.156,-0.148,0,2.312,1.014,-0.71,0,-0.069,0.235,-0.235,0,[Fe/H],4.062,0.15,-0.15,0,<a refstr=STASSUN_ET_AL__2019 href=https://ui.adsabs.harvard.edu/abs/2019AJ....158..138S/abstract target=ref>TICv8</a>,15h10m02.33s,227.5096887,-18d48m45.42s,-18.8126177,1127.47,43.89,-40.77,13.089,0.057,-0.057,11.601,0.026,-0.026,2021-11-19,12.8871,0.000328,-0.000328,2021-11-19,2021-12
EPIC 249822095.01,EPIC 249822095,1,CANDIDATE,Zink et al. 2021,1,0,Transit,2021,K2,Published Candidate,0,<a refstr=ZINK_ET_AL__2021 href=https://ui.adsabs.harvard.edu/abs/2021AJ....162..259Z/abstract target=ref>Zink et al. 2021</a>,1.696716,0.000058,-0.000059,0,,,,,5.738,1.244,-0.792,0,0.51191095,0.11098244,-0.07065763,0,,,,,,,,,,,,,,,,,,,,,,0,<a refstr=ZINK_ET_AL__2021 href=https://ui.adsabs.harvard.edu/abs/2021AJ....162..259Z/abstract target=ref>Zink et al. 2021</a>,F9,5289,138,-138,0,1.992,0.136,-0.127,0,1.056,0.475,-0.324,0,-0.102,0.235,-0.235,0,[Fe/H],3.864,0.15,-0.15,0,<a refstr=STASSUN_ET_AL__2019 href=https://ui.adsabs.harvard.edu/abs/2019AJ....158..138S/abstract target=ref>TICv8</a>,15h47m21.82s,236.8409339,-17d36m38.94s,-17.6108162,581.435,14.057,-13.42,13.219,0.092,-0.092,10.756,0.023,-0.023,2021-11-19,12.8085,0.000223,-0.000223,2021-11-19,2021-12
EPIC 249827330.01,EPIC 249827330,1,CANDIDATE,Zink et al. 2021,1,0,Transit,2021,K2,Published Candidate,0,<a refstr=ZINK_ET_AL__2021 href=https://ui.adsabs.harvard.edu/abs/2021AJ....162..259Z/abstract target=ref>Zink et al. 2021</a>,31.396001,0.002111,-0.001587,0,,,,,10.695,0.748,-0.728,0,0.95414563,0.06673221,-0.06494792,0,,,,,,,,,,,,,,,,,,,,,,0,<a refstr=ZINK_ET_AL__2021 href=https://ui.adsabs.harvard.edu/abs/2021AJ....162..259Z/abstract target=ref>Zink et al. 2021</a>,G3,5631,138,-138,0,1.783,0.115,-0.109,0,0.949,0.423,-0.289,0,-0.201,0.235,-0.235,0,[Fe/H],3.916,0.15,-0.15,0,<a refstr=STASSUN_ET_AL__2019 href=https://ui.adsabs.harvard.edu/abs/2019AJ....158..138S/abstract target=ref>TICv8</a>,15h14m07.14s,228.5297306,-17d32m33.78s,-17.5427168,642.903,16.076,-15.324,13.092,0.069,-0.069,11.13,0.027,-0.027,2021-11-19,12.7984,0.000378,-0.000378,2021-11-19,2021-12
EPIC 249828900.01,EPIC 249828900,1,CANDIDATE,Zink et al. 2021,1,0,Transit,2021,K2,Published Candidate,0,<a refstr=ZINK_ET_AL__2021 href=https://ui.adsabs.harvard.edu/abs/2021AJ....162..259Z/abstract target=ref>Zink et al. 2021</a>,18.277358,0.003153,-0.002637,0,,,,,1.933,0.179,-0.165,0,0.17245101,0.01596934,-0.01472034,0,,,,,,,,,,,,,,,,,,,,,,0,<a refstr=ZINK_ET_AL__2021 href=https://ui.adsabs.harvard.edu/abs/2021AJ....162..259Z/abstract target=ref>Zink et al. 2021</a>,K7,4280,138,-138,0,0.636,0.047,-0.043,0,0.732,0.327,-0.223,0,-0.29,0.235,-0.235,0,[Fe/H],4.696,0.15,-0.15,0,<a refstr=STASSUN_ET_AL__2019 href=https://ui.adsabs.harvard.edu/abs/2019AJ....158..138S/abstract target=ref>TICv8</a>,15h17m41.09s,229.4212195,-17d31m21.90s,-17.5227493,295.939,2.91,-2.855,15.216,0.183,-0.183,12.073,0.024,-0.024,2021-11-19,14.8236,0.000514,-0.000514,2021-11-19,2021-12
EPIC 249865296.01,EPIC 249865296,1,CANDIDATE,Zink et al. 2021,1,0,Transit,2021,K2,Published Candidate,0,<a refstr=ZINK_ET_AL__2021 href=https://ui.adsabs.harvard.edu/abs/2021AJ....162..259Z/abstract target=ref>Zink et al. 2021</a>,28.888589,0.001505,-0.001484,0,,,,,6.05,0.427,-0.379,0,0.53974578,0.03809445,-0.03381217,0,,,,,,,,,,,,,,,,,,,,,,0,<a refstr=ZINK_ET_AL__2021 href=https://ui.adsabs.harvard.edu/abs/2021AJ....162..259Z/abstract target=ref>Zink et al. 2021</a>,F2,6117,138,-138,0,1.319,0.088,-0.08,0,1.03,0.469,-0.314,0,-0.197,0.235,-0.235,0,[Fe/H],4.212,0.15,-0.15,0,<a refstr=STASSUN_ET_AL__2019 href=https://ui.adsabs.harvard.edu/abs/2019AJ....158..138S/abstract target=ref>TICv8</a>,15h38m10.16s,234.5423454,-17d03m49.58s,-17.0637715,573.829,21.484,-20.01,13.067,0.137,-0.137,11.434,0.023,-0.023,2021-11-19,12.8135,0.000269,-0.000269,2021-11-19,2021-12
EPIC 249883770.01,EPIC 249883770,1,CANDIDATE,Zink et al. 2021,1,0,Transit,2021,K2,Published Candidate,0,<a refstr=ZINK_ET_AL__2021 href=https://ui.adsabs.harvard.edu/abs/2021AJ....162..259Z/abstract target=ref>Zink et al. 2021</a>,2.228112,0.000198,-0.000213,0,,,,,1.398,0.136,-0.116,0,0.12472142,0.01213313,-0.01034884,0,,,,,,,,,,,,,,,,,,,,,,0,<a refstr=ZINK_ET_AL__2021 href=https://ui.adsabs.harvard.edu/abs/2021AJ....162..259Z/abstract target=ref>Zink et al. 2021</a>,K5,4355,138,-138,0,0.693,0.052,-0.047,0,0.785,0.342,-0.237,0,-0.324,0.235,-0.235,0,[Fe/H],4.651,0.15,-0.15,0,<a refstr=STASSUN_ET_AL__2019 href=https://ui.adsabs.harvard.edu/abs/2019AJ....158..138S/abstract target=ref>TICv8</a>,15h37m11.03s,234.295942,-16d50m14.60s,-16.8373887,295.263,4.103,-3.995,14.778,0.149,-0.149,11.843,0.021,-0.021,2021-11-19,14.4063,0.000307,-0.000307,2021-11-19,2021-12
EPIC 249893012 b,EPIC 249893012,1,CONFIRMED,Hidalgo et al. 2020,1,3,Transit,2020,K2,Published Confirmed,0,<a refstr=HIDALGO_ET_AL__2020 href=https://ui.adsabs.harvard.edu/abs/2020A&A...636A..89H/abstract target=ref>Hidalgo et al. 2020</a>,3.5951,0.0003,-0.0003,0,0.047,0.005,-0.007,0,1.95,0.09,-0.08,0,0.17396735,0.00802926,-0.00713712,0,8.75,1.09,-1.08,0,0.02753044,0.00342951,-0.00339804,0,Mass,0.06,0.08,-0.04,0,1037,482,-207,0,1616,149,-79,0,0,<a refstr=HIDALGO_ET_AL__2020 href=https://ui.adsabs.harvard.edu/abs/2020A&A...636A..89H/abstract target=ref>Hidalgo et al. 2020</a>,G8 IV/V,5430,85,-85,0,1.71,0.04,-0.04,0,1.05,0.05,-0.05,0,0.2,0.05,-0.05,0,[Fe/H],3.99,0.03,-0.03,0,<a refstr=STASSUN_ET_AL__2019 href=https://ui.adsabs.harvard.edu/abs/2019AJ....158..138S/abstract target=ref>TICv8</a>,15h12m59.58s,228.2482353,-16d43m28.73s,-16.7246474,321.296,4.189,-4.085,11.429,0.022,-0.022,9.714,0.023,-0.023,2020-02-13,11.4019,0.000495,-0.000495,2020-02-06,2020-04
EPIC 249893012 c,EPIC 249893012,1,CONFIRMED,Hidalgo et al. 2020,1,3,Transit,2020,K2,Published Confirmed,0,<a refstr=HIDALGO_ET_AL__2020 href=https://ui.adsabs.harvard.edu/abs/2020A&A...636A..89H/abstract target=ref>Hidalgo et al. 2020</a>,15.624,0.001,-0.001,0,0.13,0.01,-0.02,0,3.67,0.17,-0.14,0,0.32741547,0.01516638,-0.01248996,0,14.67,1.84,-1.89,0,0.04615675,0.00578926,-0.00594658,0,Mass,0.07,0.08,-0.05,0,160,68,-29,0,990,92,-49,0,0,<a refstr=HIDALGO_ET_AL__2020 href=https://ui.adsabs.harvard.edu/abs/2020A&A...636A..89H/abstract target=ref>Hidalgo et al. 2020</a>,G8 IV/V,5430,85,-85,0,1.71,0.04,-0.04,0,1.05,0.05,-0.05,0,0.2,0.05,-0.05,0,[Fe/H],3.99,0.03,-0.03,0,<a refstr=STASSUN_ET_AL__2019 href=https://ui.adsabs.harvard.edu/abs/2019AJ....158..138S/abstract target=ref>TICv8</a>,15h12m59.58s,228.2482353,-16d43m28.73s,-16.7246474,321.296,4.189,-4.085,11.429,0.022,-0.022,9.714,0.023,-0.023,2020-02-13,11.4019,0.000495,-0.000495,2020-02-06,2020-04
EPIC 249893012 d,EPIC 249893012,1,CONFIRMED,Hidalgo et al. 2020,1,3,Transit,2020,K2,Published Confirmed,0,<a refstr=HIDALGO_ET_AL__2020 href=https://ui.adsabs.harvard.edu/abs/2020A&A...636A..89H/abstract target=ref>Hidalgo et al. 2020</a>,35.747,0.005,-0.005,0,0.22,0.02,-0.04,0,3.94,0.13,-0.12,0,0.35150326,0.01159782,-0.01070568,0,10.18,2.46,-2.42,0,0.0320297,0.00773999,-0.00761413,0,Mass,0.15,0.21,-0.11,0,53,23,-10,0,752,69,-37,0,0,<a refstr=HIDALGO_ET_AL__2020 href=https://ui.adsabs.harvard.edu/abs/2020A&A...636A..89H/abstract target=ref>Hidalgo et al. 2020</a>,G8 IV/V,5430,85,-85,0,1.71,0.04,-0.04,0,1.05,0.05,-0.05,0,0.2,0.05,-0.05,0,[Fe/H],3.99,0.03,-0.03,0,<a refstr=STASSUN_ET_AL__2019 href=https://ui.adsabs.harvard.edu/abs/2019AJ....158..138S/abstract target=ref>TICv8</a>,15h12m59.58s,228.2482353,-16d43m28.73s,-16.7246474,321.296,4.189,-4.085,11.429,0.022,-0.022,9.714,0.023,-0.023,2020-02-13,11.4019,0.000495,-0.000495,2020-02-06,2020-04
EPIC 249901311.01,EPIC 249901311,1,CANDIDATE,Zink et al. 2021,1,0,Transit,2021,K2,Published Candidate,0,<a refstr=ZINK_ET_AL__2021 href=https://ui.adsabs.harvard.edu/abs/2021AJ....162..259Z/abstract target=ref>Zink et al. 2021</a>,0.801864,0.000018,-0.000026,0,,,,,1.433,0.06,-0.059,0,0.12784392,0.00535285,-0.00526364,0,,,,,,,,,,,,,,,,,,,,,,0,<a refstr=ZINK_ET_AL__2021 href=https://ui.adsabs.harvard.edu/abs/2021AJ....162..259Z/abstract target=ref>Zink et al. 2021</a>,M2,3594,138,-138,0,0.393,0.012,-0.012,0,0.384,0.017,-0.016,0,-0.095,0.235,-0.235,0,[Fe/H],4.834,0.033,-0.033,0,<a refstr=STASSUN_ET_AL__2019 href=https://ui.adsabs.harvard.edu/abs/2019AJ....158..138S/abstract target=ref>TICv8</a>,15h32m14.79s,233.0616398,-16d37m22.44s,-16.6228989,134.092,1.665,-1.625,17.12,0.2,-0.2,11.988,0.026,-0.026,2021-11-19,15.5916,0.000588,-0.000588,2021-11-19,2021-12
EPIC 249921188.01,EPIC 249921188,1,CANDIDATE,Zink et al. 2021,1,0,Transit,2021,K2,Published Candidate,0,<a refstr=ZINK_ET_AL__2021 href=https://ui.adsabs.harvard.edu/abs/2021AJ....162..259Z/abstract target=ref>Zink et al. 2021</a>,17.562214,0.000393,-0.000396,0,,,,,12.272,0.866,-0.814,0,1.09483639,0.07725948,-0.07262034,0,,,,,,,,,,,,,,,,,,,,,,0,<a refstr=ZINK_ET_AL__2021 href=https://ui.adsabs.harvard.edu/abs/2021AJ....162..259Z/abstract target=ref>Zink et al. 2021</a>,G2,5873,138,-138,0,1.619,0.111,-0.104,0,1.306,0.589,-0.397,0,-0.233,0.235,-0.235,0,[Fe/H],4.136,0.15,-0.15,0,<a refstr=STASSUN_ET_AL__2019 href=https://ui.adsabs.harvard.edu/abs/2019AJ....158..138S/abstract target=ref>TICv8</a>,15h46m32.26s,236.6344137,-16d23m20.46s,-16.3890166,1002.05,37.83,-35.215,14.198,0.092,-0.092,12.261,0.021,-0.021,2021-11-19,13.922,0.000275,-0.000275,2021-11-19,2021-12
EPIC 250001426.01,EPIC 250001426,1,CANDIDATE,Castro Gonz&aacute;lez et al. 2020,1,0,Transit,2020,K2,Published Candidate,0,<a refstr=CASTRO_GONZ_AACUTE_LEZ_ET_AL__2020 href=https://ui.adsabs.harvard.edu/abs/2020MNRAS.499.5416C/abstract target=ref>Castro Gonz&aacute;lez et al. 2020</a>,1.705,0.004,-0.003,0,,,,,,,,,,,,,,,,,,,,,,,,,,,,,,,,,,0,<a refstr=CASTRO_GONZ_AACUTE_LEZ_ET_AL__2020 href=https://ui.adsabs.harvard.edu/abs/2020MNRAS.499.5416C/abstract target=ref>Castro Gonz&aacute;lez et al. 2020</a>,,,,,,,,,,,,,,,,,,,,,,,<a refstr=STASSUN_ET_AL__2019 href=https://ui.adsabs.harvard.edu/abs/2019AJ....158..138S/abstract target=ref>TICv8</a>,15h46m42.22s,236.6759133,-15d26m50.00s,-15.4472232,61.15533,,,14.875,0.057,-0.057,9.829001,0.021,-0.021,2022-03-28,,,,2022-03-28,2020-12
EPIC 250045116.01,EPIC 250045116,1,CANDIDATE,Zink et al. 2021,1,0,Transit,2021,K2,Published Candidate,0,<a refstr=ZINK_ET_AL__2021 href=https://ui.adsabs.harvard.edu/abs/2021AJ....162..259Z/abstract target=ref>Zink et al. 2021</a>,35.960194,0.005179,-0.005746,0,,,,,2.45,0.235,-0.216,0,0.21857474,0.02096533,-0.01927026,0,,,,,,,,,,,,,,,,,,,,,,0,<a refstr=ZINK_ET_AL__2021 href=https://ui.adsabs.harvard.edu/abs/2021AJ....162..259Z/abstract target=ref>Zink et al. 2021</a>,K7,4090,138,-138,0,0.672,0.051,-0.048,0,0.645,0.279,-0.204,0,-0.183,0.235,-0.235,0,[Fe/H],4.587,0.15,-0.15,0,<a refstr=STASSUN_ET_AL__2019 href=https://ui.adsabs.harvard.edu/abs/2019AJ....158..138S/abstract target=ref>TICv8</a>,15h24m05.66s,231.0235725,-14d56m37.40s,-14.9437223,282.151,4.137,-4.021,15.462,0.137,-0.137,11.95,0.024,-0.024,2021-11-19,14.7958,0.000512,-0.000512,2021-11-19,2021-12
EPIC 250099723.01,EPIC 250099723,1,CANDIDATE,Castro Gonz&aacute;lez et al. 2020,1,0,Transit,2020,K2,Published Candidate,0,<a refstr=CASTRO_GONZ_AACUTE_LEZ_ET_AL__2020 href=https://ui.adsabs.harvard.edu/abs/2020MNRAS.499.5416C/abstract target=ref>Castro Gonz&aacute;lez et al. 2020</a>,17.92,0.013,-0.014,0,0.1417,0.0158,-0.0285,0,2.07,0.09,-0.09,0,0.18467335,0.00802928,-0.00802928,0,,,,,,,,,,,,,,,,,,407,48,-23,0,0,<a refstr=CASTRO_GONZ_AACUTE_LEZ_ET_AL__2020 href=https://ui.adsabs.harvard.edu/abs/2020MNRAS.499.5416C/abstract target=ref>Castro Gonz&aacute;lez et al. 2020</a>,,4176,78,-78,0,0.576,0.007,-0.007,0,0.603,0.017,-0.017,0,,,,,,4.696,0.012,-0.012,0,<a refstr=STASSUN_ET_AL__2019 href=https://ui.adsabs.harvard.edu/abs/2019AJ....158..138S/abstract target=ref>TICv8</a>,15h24m38.28s,231.1595105,-14d17m21.04s,-14.2891781,142.704,0.58,-0.58,14.377,0.033,-0.033,10.797,0.021,-0.021,2022-03-28,13.7647,0.000475,-0.000475,2022-03-28,2020-12
EPIC 250106132.01,EPIC 250106132,1,CANDIDATE,Zink et al. 2021,1,0,Transit,2021,K2,Published Candidate,0,<a refstr=ZINK_ET_AL__2021 href=https://ui.adsabs.harvard.edu/abs/2021AJ....162..259Z/abstract target=ref>Zink et al. 2021</a>,22.122365,0.00143,-0.001328,0,,,,,3.715,0.262,-0.251,0,0.33143067,0.02337411,-0.02239276,0,,,,,,,,,,,,,,,,,,,,,,0,<a refstr=ZINK_ET_AL__2021 href=https://ui.adsabs.harvard.edu/abs/2021AJ....162..259Z/abstract target=ref>Zink et al. 2021</a>,G7,5393,138,-138,0,0.969,0.061,-0.057,0,1.122,0.497,-0.336,0,0.119,0.235,-0.235,0,[Fe/H],4.517,0.15,-0.15,0,<a refstr=STASSUN_ET_AL__2019 href=https://ui.adsabs.harvard.edu/abs/2019AJ....158..138S/abstract target=ref>TICv8</a>,15h45m47.05s,236.4460428,-14d12m27.63s,-14.2076757,156.457,1.22,-1.201,11.307,0.02,-0.02,9.416,0.019,-0.019,2021-11-19,11.188,0.000755,-0.000755,2021-11-19,2021-12
EPIC 251281013.01,EPIC 251281013,1,FALSE POSITIVE,Yu et al. 2018,1,0,Transit,2018,K2,Published Candidate,0,<a refstr=YU_ET_AL__2018 href=https://ui.adsabs.harvard.edu/abs/2018AJ....156...22Y/abstract target=ref>Yu et al. 2018</a>,3.287912,,,0,,,,,,,,,,,,,,,,,,,,,,,,,,,,,,,,,,0,<a refstr=STASSUN_ET_AL__2019 href=https://ui.adsabs.harvard.edu/abs/2019AJ....158..138S/abstract target=ref>TICv8</a>,,5137,122,-122,0,1.01769,,,0,0.87,,,0,,,,,,4.36236,,,0,<a refstr=STASSUN_ET_AL__2019 href=https://ui.adsabs.harvard.edu/abs/2019AJ....158..138S/abstract target=ref>TICv8</a>,09h22m23.36s,140.5973449,+14d32m12.06s,14.5366841,594.128,17.274,-16.341,14.538,0.149,-0.149,12.2,0.021,-0.021,2019-02-26,14.1832,0.00043,-0.00043,2019-02-26,2018-07
EPIC 251286992.01,EPIC 251286992,1,FALSE POSITIVE,Yu et al. 2018,1,0,Transit,2018,K2,Published Candidate,0,<a refstr=YU_ET_AL__2018 href=https://ui.adsabs.harvard.edu/abs/2018AJ....156...22Y/abstract target=ref>Yu et al. 2018</a>,0.505602,,,0,,,,,,,,,,,,,,,,,,,,,,,,,,,,,,,,,,0,<a refstr=STASSUN_ET_AL__2019 href=https://ui.adsabs.harvard.edu/abs/2019AJ....158..138S/abstract target=ref>TICv8</a>,,4830,166,-166,0,0.907577,,,0,0.78,,,0,,,,,,4.4144,,,0,<a refstr=STASSUN_ET_AL__2019 href=https://ui.adsabs.harvard.edu/abs/2019AJ....158..138S/abstract target=ref>TICv8</a>,09h18m57.22s,139.7384159,+15d11m25.47s,15.1904093,831.761,44.464,-40.251,15.541,0.126,-0.126,13.224,0.033,-0.033,2019-02-26,15.5199,0.013315,-0.013315,2019-02-26,2018-07
EPIC 251288417.01,EPIC 251288417,1,CANDIDATE,Yu et al. 2018,1,0,Transit,2018,K2,Published Candidate,0,<a refstr=YU_ET_AL__2018 href=https://ui.adsabs.harvard.edu/abs/2018AJ....156...22Y/abstract target=ref>Yu et al. 2018</a>,20.924593,,,0,,,,,,,,,,,,,,,,,,,,,,,,,,,,,,,,,,0,<a refstr=YU_ET_AL__2018 href=https://ui.adsabs.harvard.edu/abs/2018AJ....156...22Y/abstract target=ref>Yu et al. 2018</a>,,2980,10,-10,0,0.423,0.004,-0.004,0,,,,,,,,,,4.198,0.018,-0.018,0,<a refstr=STASSUN_ET_AL__2019 href=https://ui.adsabs.harvard.edu/abs/2019AJ....158..138S/abstract target=ref>TICv8</a>,09h19m11.68s,139.7986584,+15d21m14.48s,15.3540233,94.2217,0.8229,-0.809,17.33,0.2,-0.2,11.552,0.02,-0.02,2019-02-26,15.7321,0.000948,-0.000948,2019-02-26,2018-07
EPIC 251292508.01,EPIC 251292508,1,FALSE POSITIVE,Yu et al. 2018,1,0,Transit,2018,K2,Published Candidate,0,<a refstr=YU_ET_AL__2018 href=https://ui.adsabs.harvard.edu/abs/2018AJ....156...22Y/abstract target=ref>Yu et al. 2018</a>,1.288312,,,0,,,,,,,,,,,,,,,,,,,,,,,,,,,,,,,,,,0,<a refstr=STASSUN_ET_AL__2019 href=https://ui.adsabs.harvard.edu/abs/2019AJ....158..138S/abstract target=ref>TICv8</a>,,3412,157,-157,0,0.57612,0.020336,-0.020336,0,0.568153,0.02235,-0.02235,0,,,,,,4.67151,0.01358,-0.01358,0,<a refstr=STASSUN_ET_AL__2019 href=https://ui.adsabs.harvard.edu/abs/2019AJ....158..138S/abstract target=ref>TICv8</a>,09h22m03.58s,140.514907,+15d48m28.18s,15.8078269,268.067,7.96,-7.521,17.23,0.2,-0.2,12.337,0.02,-0.02,2019-02-26,15.9032,0.000945,-0.000945,2019-02-26,2018-07
EPIC 251292838.01,EPIC 251292838,1,CANDIDATE,Yu et al. 2018,1,0,Transit,2018,K2,Published Candidate,0,<a refstr=YU_ET_AL__2018 href=https://ui.adsabs.harvard.edu/abs/2018AJ....156...22Y/abstract target=ref>Yu et al. 2018</a>,19.581519,,,0,,,,,,,,,,,,,,,,,,,,,,,,,,,,,,,,,,0,<a refstr=YU_ET_AL__2018 href=https://ui.adsabs.harvard.edu/abs/2018AJ....156...22Y/abstract target=ref>Yu et al. 2018</a>,,5638,121,-121,0,0.861,0.015,-0.015,0,,,,,,,,,,4.525,0.029,-0.029,0,<a refstr=STASSUN_ET_AL__2019 href=https://ui.adsabs.harvard.edu/abs/2019AJ....158..138S/abstract target=ref>TICv8</a>,09h21m20.31s,140.3346059,+15d50m55.61s,15.8487794,237.405,3.739,-3.626,12.374,0.069,-0.069,10.554,0.018,-0.018,2019-02-26,12.1938,0.000195,-0.000195,2019-02-26,2018-07
EPIC 251294036.01,EPIC 251294036,1,CANDIDATE,Yu et al. 2018,1,0,Transit,2018,K2,Published Candidate,0,<a refstr=YU_ET_AL__2018 href=https://ui.adsabs.harvard.edu/abs/2018AJ....156...22Y/abstract target=ref>Yu et al. 2018</a>,6.854931,,,0,,,,,,,,,,,,,,,,,,,,,,,,,,,,,,,,,,0,<a refstr=YU_ET_AL__2018 href=https://ui.adsabs.harvard.edu/abs/2018AJ....156...22Y/abstract target=ref>Yu et al. 2018</a>,,5360,130,-130,0,1.031,0.018,-0.018,0,,,,,,,,,,4.343,0.036,-0.036,0,<a refstr=STASSUN_ET_AL__2019 href=https://ui.adsabs.harvard.edu/abs/2019AJ....158..138S/abstract target=ref>TICv8</a>,09h17m17.87s,139.3244438,+15d58m47.35s,15.9798204,414.845,5.696,-5.696,13.892,0.08,-0.08,11.459,0.02,-0.02,2019-02-26,13.6646,0.000793,-0.000793,2019-02-26,2018-07
EPIC 251294036.01,EPIC 251294036,0,CANDIDATE,Yu et al. 2018,1,0,Transit,2018,K2,TESS Project Candidate,0,<a refstr=EXOFOP_TESS_TOI href=https://exofop.ipac.caltech.edu/tess/view_toi.php target=ref>ExoFOP-TESS TOI</a>,6.854846459,0.0002769813,-0.0002769813,0,,,,,15.65450044,0.68081576,-0.68081576,0,1.39660339,0.06073842,-0.06073842,0,,,,,,,,,,,,,,126.5073,,,0,855.36,,,0,0,<a refstr=EXOFOP_TESS_TOI href=https://exofop.ipac.caltech.edu/tess/view_toi.php target=ref>ExoFOP-TESS TOI</a>,,4797.5,34.97,-34.97,0,1.06192,,,0,,,,,,,,,,4.27798,,,0,<a refstr=STASSUN_ET_AL__2019 href=https://ui.adsabs.harvard.edu/abs/2019AJ....158..138S/abstract target=ref>TICv8</a>,09h17m17.87s,139.3244438,+15d58m47.35s,15.9798204,414.845,5.696,-5.696,13.892,0.08,-0.08,11.459,0.02,-0.02,2023-04-10,13.6646,0.000793,-0.000793,2023-04-10,2017-07
EPIC 251304634.01,EPIC 251304634,1,CANDIDATE,Zink et al. 2021,1,0,Transit,2021,K2,Published Candidate,0,<a refstr=ZINK_ET_AL__2021 href=https://ui.adsabs.harvard.edu/abs/2021AJ....162..259Z/abstract target=ref>Zink et al. 2021</a>,4.392503,0.000355,-0.000271,0,,,,,1.11,0.103,-0.091,0,0.09902774,0.00918906,-0.00811849,0,,,,,,,,,,,,,,,,,,,,,,0,<a refstr=ZINK_ET_AL__2021 href=https://ui.adsabs.harvard.edu/abs/2021AJ....162..259Z/abstract target=ref>Zink et al. 2021</a>,K5,4707,138,-138,0,0.669,0.049,-0.045,0,0.705,0.309,-0.223,0,-0.319,0.235,-0.235,0,[Fe/H],4.634,0.15,-0.15,0,<a refstr=STASSUN_ET_AL__2019 href=https://ui.adsabs.harvard.edu/abs/2019AJ....158..138S/abstract target=ref>TICv8</a>,09h17m12.13s,139.3005504,+17d05m04.66s,17.0846276,148.641,1.334,-1.311,12.9,0.08,-0.08,10.296,0.022,-0.022,2021-11-19,12.6181,0.000214,-0.000214,2021-11-19,2021-12
EPIC 251307609.01,EPIC 251307609,1,FALSE POSITIVE,Yu et al. 2018,1,0,Transit,2018,K2,Published Candidate,0,<a refstr=YU_ET_AL__2018 href=https://ui.adsabs.harvard.edu/abs/2018AJ....156...22Y/abstract target=ref>Yu et al. 2018</a>,0.598197,,,0,,,,,,,,,,,,,,,,,,,,,,,,,,,,,,,,,,0,<a refstr=STASSUN_ET_AL__2019 href=https://ui.adsabs.harvard.edu/abs/2019AJ....158..138S/abstract target=ref>TICv8</a>,,5132,156,-156,0,1.2496,,,0,0.87,,,0,,,,,,4.18405,,,0,<a refstr=STASSUN_ET_AL__2019 href=https://ui.adsabs.harvard.edu/abs/2019AJ....158..138S/abstract target=ref>TICv8</a>,09h23m26.86s,140.8619176,+17d23m22.74s,17.3896491,1100.91,60.99,-55.03,15.499,0.332,-0.332,13.118,0.028,-0.028,2019-02-26,15.084,0.009008,-0.009008,2019-02-26,2018-07
EPIC 251308775.01,EPIC 251308775,1,FALSE POSITIVE,Yu et al. 2018,1,0,Transit,2018,K2,Published Candidate,0,<a refstr=YU_ET_AL__2018 href=https://ui.adsabs.harvard.edu/abs/2018AJ....156...22Y/abstract target=ref>Yu et al. 2018</a>,2.804246,,,0,,,,,,,,,,,,,,,,,,,,,,,,,,,,,,,,,,0,<a refstr=STASSUN_ET_AL__2019 href=https://ui.adsabs.harvard.edu/abs/2019AJ....158..138S/abstract target=ref>TICv8</a>,,5938.45,109.61,-109.47,0,2.42516,0.146122,-0.14117,0,1.08,0.163919,-0.109289,0,-0.408,0.01,-0.01,0,[M/H],3.70201,0.058181,-0.106603,0,<a refstr=STASSUN_ET_AL__2019 href=https://ui.adsabs.harvard.edu/abs/2019AJ....158..138S/abstract target=ref>TICv8</a>,09h19m55.60s,139.9816627,+17d30m35.66s,17.5099047,723.966,30.661,-28.311,12.161,0.069,-0.069,10.673,0.018,-0.018,2019-02-26,11.9946,0.000912,-0.000912,2019-02-26,2018-07
EPIC 251314585.01,EPIC 251314585,1,FALSE POSITIVE,Yu et al. 2018,1,0,Transit,2018,K2,Published Candidate,0,<a refstr=YU_ET_AL__2018 href=https://ui.adsabs.harvard.edu/abs/2018AJ....156...22Y/abstract target=ref>Yu et al. 2018</a>,0.691617,,,0,,,,,,,,,,,,,,,,,,,,,,,,,,,,,,,,,,0,<a refstr=STASSUN_ET_AL__2019 href=https://ui.adsabs.harvard.edu/abs/2019AJ....158..138S/abstract target=ref>TICv8</a>,,5285,152,-152,0,1.74944,,,0,0.91,,,0,,,,,,3.91131,,,0,<a refstr=STASSUN_ET_AL__2019 href=https://ui.adsabs.harvard.edu/abs/2019AJ....158..138S/abstract target=ref>TICv8</a>,09h20m57.44s,140.2393372,+18d02m52.11s,18.0478072,1319.97,88.92,-78.62,14.942,0.137,-0.137,12.632,0.027,-0.027,2019-02-26,14.574,0.007937,-0.007937,2019-02-26,2018-07
EPIC 251315031.01,EPIC 251315031,1,FALSE POSITIVE,Yu et al. 2018,1,0,Transit,2018,K2,Published Candidate,0,<a refstr=YU_ET_AL__2018 href=https://ui.adsabs.harvard.edu/abs/2018AJ....156...22Y/abstract target=ref>Yu et al. 2018</a>,0.540527,,,0,,,,,,,,,,,,,,,,,,,,,,,,,,,,,,,,,,0,<a refstr=STASSUN_ET_AL__2019 href=https://ui.adsabs.harvard.edu/abs/2019AJ....158..138S/abstract target=ref>TICv8</a>,,5187.17,42.23,-42.23,0,1.03596,,,0,0.88,,,0,-0.1545,0.0407,-0.0407,0,[M/H],4.35186,,,0,<a refstr=STASSUN_ET_AL__2019 href=https://ui.adsabs.harvard.edu/abs/2019AJ....158..138S/abstract target=ref>TICv8</a>,09h19m14.90s,139.8120865,+18d05m18.83s,18.088564,480.202,6.759,-6.759,13.957,0.229,-0.229,11.887,0.02,-0.02,2019-02-26,13.6004,0.009442,-0.009442,2019-02-26,2018-07
EPIC 251327548.01,EPIC 251327548,1,FALSE POSITIVE,Yu et al. 2018,1,0,Transit,2018,K2,Published Candidate,0,<a refstr=YU_ET_AL__2018 href=https://ui.adsabs.harvard.edu/abs/2018AJ....156...22Y/abstract target=ref>Yu et al. 2018</a>,11.349445,,,0,,,,,,,,,,,,,,,,,,,,,,,,,,,,,,,,,,0,<a refstr=STASSUN_ET_AL__2019 href=https://ui.adsabs.harvard.edu/abs/2019AJ....158..138S/abstract target=ref>TICv8</a>,,6002,128.98,-124.62,0,1.6958,0.106227,-0.075884,0,1.11,0.166095,-0.122114,0,,,,,,4.02464,0.090733,-0.072573,0,<a refstr=STASSUN_ET_AL__2019 href=https://ui.adsabs.harvard.edu/abs/2019AJ....158..138S/abstract target=ref>TICv8</a>,09h17m37.13s,139.4047224,+19d09m36.25s,19.1600695,440.558,11.2,-10.668,11.807,0.037,-0.037,10.24,0.019,-0.019,2019-02-26,11.6485,0.000378,-0.000378,2019-02-26,2018-07
EPIC 251330444.01,EPIC 251330444,1,FALSE POSITIVE,Yu et al. 2018,1,0,Transit,2018,K2,Published Candidate,0,<a refstr=YU_ET_AL__2018 href=https://ui.adsabs.harvard.edu/abs/2018AJ....156...22Y/abstract target=ref>Yu et al. 2018</a>,5.998652,,,0,,,,,,,,,,,,,,,,,,,,,,,,,,,,,,,,,,0,<a refstr=STASSUN_ET_AL__2019 href=https://ui.adsabs.harvard.edu/abs/2019AJ....158..138S/abstract target=ref>TICv8</a>,,4930,124,-124,0,2.66723,,,0,,,,,,,,,,,,,,<a refstr=STASSUN_ET_AL__2019 href=https://ui.adsabs.harvard.edu/abs/2019AJ....158..138S/abstract target=ref>TICv8</a>,09h16m26.40s,139.1099983,+19d25m24.94s,19.423595,355.433,7.686,-7.372,11.366,0.019,-0.019,9.084,0.019,-0.019,2019-02-26,11.2,0.002778,-0.002778,2019-02-26,2018-07
EPIC 251345848.01,EPIC 251345848,1,FALSE POSITIVE,Yu et al. 2018,1,0,Transit,2018,K2,Published Candidate,0,<a refstr=YU_ET_AL__2018 href=https://ui.adsabs.harvard.edu/abs/2018AJ....156...22Y/abstract target=ref>Yu et al. 2018</a>,2.883162,,,0,,,,,,,,,,,,,,,,,,,,,,,,,,,,,,,,,,0,<a refstr=STASSUN_ET_AL__2019 href=https://ui.adsabs.harvard.edu/abs/2019AJ....158..138S/abstract target=ref>TICv8</a>,,6100.45,115.81,-84.37,0,1.21341,0.05105,-0.056237,0,1.15,0.173876,-0.130451,0,-0.082,0.015,-0.015,0,[M/H],4.33075,0.077674,-0.077629,0,<a refstr=STASSUN_ET_AL__2019 href=https://ui.adsabs.harvard.edu/abs/2019AJ....158..138S/abstract target=ref>TICv8</a>,09h21m37.30s,140.4054055,+20d43m37.23s,20.727007,485.65,11.417,-10.913,12.633,0.069,-0.069,11.235,0.018,-0.018,2019-02-26,12.4955,0.000516,-0.000516,2019-02-26,2018-07
EPIC 251345849.01,EPIC 251345849,1,FALSE POSITIVE,Yu et al. 2018,1,0,Transit,2018,K2,Published Candidate,0,<a refstr=YU_ET_AL__2018 href=https://ui.adsabs.harvard.edu/abs/2018AJ....156...22Y/abstract target=ref>Yu et al. 2018</a>,0.545251,,,0,,,,,,,,,,,,,,,,,,,,,,,,,,,,,,,,,,0,<a refstr=STASSUN_ET_AL__2019 href=https://ui.adsabs.harvard.edu/abs/2019AJ....158..138S/abstract target=ref>TICv8</a>,,6074.26,187.01,-187.01,0,1.23632,,,0,1.14,,,0,-0.556,0.176,-0.176,0,[M/H],4.31071,,,0,<a refstr=STASSUN_ET_AL__2019 href=https://ui.adsabs.harvard.edu/abs/2019AJ....158..138S/abstract target=ref>TICv8</a>,09h21m50.17s,140.4590282,+20d43m37.39s,20.727052,2369.79,371.32,-371.32,15.963,1.133,-1.133,14.717,0.079,-0.079,2019-02-26,15.9273,0.007104,-0.007104,2019-02-26,2018-07
EPIC 251347050.01,EPIC 251347050,1,FALSE POSITIVE,Yu et al. 2018,1,0,Transit,2018,K2,Published Candidate,0,<a refstr=YU_ET_AL__2018 href=https://ui.adsabs.harvard.edu/abs/2018AJ....156...22Y/abstract target=ref>Yu et al. 2018</a>,0.493967,,,0,,,,,,,,,,,,,,,,,,,,,,,,,,,,,,,,,,0,<a refstr=STASSUN_ET_AL__2019 href=https://ui.adsabs.harvard.edu/abs/2019AJ....158..138S/abstract target=ref>TICv8</a>,,7437,98.19,-162.66,0,1.9409,0.132388,-0.128159,0,1.7,0.382845,-0.200159,0,,,,,,4.09251,0.107904,-0.0846,0,<a refstr=STASSUN_ET_AL__2019 href=https://ui.adsabs.harvard.edu/abs/2019AJ....158..138S/abstract target=ref>TICv8</a>,09h24m37.65s,141.1568825,+20d49m44.81s,20.8291125,1011.15,62.1,-55.461,12.434,0.057,-0.057,11.542,0.023,-0.023,2019-02-26,12.2809,0.00125,-0.00125,2019-02-26,2018-07
EPIC 251353301.01,EPIC 251353301,1,FALSE POSITIVE,Yu et al. 2018,1,0,Transit,2018,K2,Published Candidate,0,<a refstr=YU_ET_AL__2018 href=https://ui.adsabs.harvard.edu/abs/2018AJ....156...22Y/abstract target=ref>Yu et al. 2018</a>,0.504475,,,0,,,,,,,,,,,,,,,,,,,,,,,,,,,,,,,,,,0,<a refstr=STASSUN_ET_AL__2019 href=https://ui.adsabs.harvard.edu/abs/2019AJ....158..138S/abstract target=ref>TICv8</a>,,6963,167,-167,0,1.35063,,,0,1.53,,,0,,,,,,4.36169,,,0,<a refstr=STASSUN_ET_AL__2019 href=https://ui.adsabs.harvard.edu/abs/2019AJ....158..138S/abstract target=ref>TICv8</a>,09h18m37.57s,139.6565309,+21d21m21.01s,21.3558369,1706.89,153.39,-130.87,14.477,0.103,-0.103,13.601,0.032,-0.032,2019-02-26,14.4359,0.00527,-0.00527,2019-02-26,2018-07
EPIC 251356484.01,EPIC 251356484,1,FALSE POSITIVE,Yu et al. 2018,1,0,Transit,2018,K2,Published Candidate,0,<a refstr=YU_ET_AL__2018 href=https://ui.adsabs.harvard.edu/abs/2018AJ....156...22Y/abstract target=ref>Yu et al. 2018</a>,0.781949,,,0,,,,,,,,,,,,,,,,,,,,,,,,,,,,,,,,,,0,<a refstr=STASSUN_ET_AL__2019 href=https://ui.adsabs.harvard.edu/abs/2019AJ....158..138S/abstract target=ref>TICv8</a>,,5480.9,205.68,-205.68,0,1.58567,,,0,0.96,,,0,-0.106,0.191,-0.191,0,[M/H],4.01992,,,0,<a refstr=STASSUN_ET_AL__2019 href=https://ui.adsabs.harvard.edu/abs/2019AJ....158..138S/abstract target=ref>TICv8</a>,09h22m48.57s,140.7023884,+21d36m53.34s,21.6148163,1230.58,69.655,-69.655,14.72,0.103,-0.103,12.712,0.028,-0.028,2019-02-26,14.5094,0.008914,-0.008914,2019-02-26,2018-07
EPIC 251356953.01,EPIC 251356953,1,FALSE POSITIVE,Yu et al. 2018,1,0,Transit,2018,K2,Published Candidate,0,<a refstr=YU_ET_AL__2018 href=https://ui.adsabs.harvard.edu/abs/2018AJ....156...22Y/abstract target=ref>Yu et al. 2018</a>,5.21459,,,0,,,,,,,,,,,,,,,,,,,,,,,,,,,,,,,,,,0,<a refstr=STASSUN_ET_AL__2019 href=https://ui.adsabs.harvard.edu/abs/2019AJ....158..138S/abstract target=ref>TICv8</a>,,5457.16,38.07,-38.07,0,0.996212,,,0,0.95,,,0,-0.445,0.036,-0.036,0,[M/H],4.41909,,,0,<a refstr=STASSUN_ET_AL__2019 href=https://ui.adsabs.harvard.edu/abs/2019AJ....158..138S/abstract target=ref>TICv8</a>,09h18m17.32s,139.5721481,+21d39m13.60s,21.6537781,764.784,26.6865,-26.6865,14.813,0.195,-0.195,12.644,0.023,-0.023,2019-02-26,14.4674,0.000629,-0.000629,2019-02-26,2018-07
EPIC 251380988.01,EPIC 251380988,1,CANDIDATE,Yu et al. 2018,1,0,Transit,2018,K2,Published Candidate,0,<a refstr=YU_ET_AL__2018 href=https://ui.adsabs.harvard.edu/abs/2018AJ....156...22Y/abstract target=ref>Yu et al. 2018</a>,30.921004,,,0,,,,,,,,,,,,,,,,,,,,,,,,,,,,,,,,,,0,<a refstr=YU_ET_AL__2018 href=https://ui.adsabs.harvard.edu/abs/2018AJ....156...22Y/abstract target=ref>Yu et al. 2018</a>,,6680,380,-380,0,1.761,0.079,-0.079,0,,,,,,,,,,4.099,0.053,-0.053,0,<a refstr=STASSUN_ET_AL__2019 href=https://ui.adsabs.harvard.edu/abs/2019AJ....158..138S/abstract target=ref>TICv8</a>,09h09m08.36s,137.2848381,+23d31m12.11s,23.5200298,650.843,28.153,-25.952,12.596,0.046,-0.046,11.035,0.021,-0.021,2019-02-26,12.4043,0.000244,-0.000244,2019-02-26,2018-07
EPIC 251383916.01,EPIC 251383916,1,FALSE POSITIVE,Yu et al. 2018,1,0,Transit,2018,K2,Published Candidate,0,<a refstr=YU_ET_AL__2018 href=https://ui.adsabs.harvard.edu/abs/2018AJ....156...22Y/abstract target=ref>Yu et al. 2018</a>,1.332797,,,0,,,,,,,,,,,,,,,,,,,,,,,,,,,,,,,,,,0,<a refstr=STASSUN_ET_AL__2019 href=https://ui.adsabs.harvard.edu/abs/2019AJ....158..138S/abstract target=ref>TICv8</a>,,6519,127,-127,0,1.06188,,,0,1.34,,,0,,,,,,4.51302,,,0,<a refstr=STASSUN_ET_AL__2019 href=https://ui.adsabs.harvard.edu/abs/2019AJ....158..138S/abstract target=ref>TICv8</a>,09h05m04.21s,136.2675399,+23d44m07.03s,23.7352853,2522.29,544.01,-404.76,16.274,1.133,-1.133,14.98,0.084,-0.084,2019-02-26,16.0954,0.00157,-0.00157,2019-02-26,2018-07
EPIC 251390801.01,EPIC 251390801,1,FALSE POSITIVE,Yu et al. 2018,1,0,Transit,2018,K2,Published Candidate,0,<a refstr=YU_ET_AL__2018 href=https://ui.adsabs.harvard.edu/abs/2018AJ....156...22Y/abstract target=ref>Yu et al. 2018</a>,0.592255,,,0,,,,,,,,,,,,,,,,,,,,,,,,,,,,,,,,,,0,<a refstr=STASSUN_ET_AL__2019 href=https://ui.adsabs.harvard.edu/abs/2019AJ....158..138S/abstract target=ref>TICv8</a>,,5660.49,84.77,-131.26,0,1.04814,0.053904,-0.043735,0,1.01,0.153187,-0.092715,0,-0.201,0.015,-0.015,0,[M/H],4.40155,0.076101,-0.067952,0,<a refstr=STASSUN_ET_AL__2019 href=https://ui.adsabs.harvard.edu/abs/2019AJ....158..138S/abstract target=ref>TICv8</a>,09h06m37.84s,136.6576761,+24d12m13.57s,24.2037699,539.859,10.88,-10.467,13.569,0.137,-0.137,11.656,0.018,-0.018,2019-02-26,13.3864,0.013589,-0.013589,2019-02-26,2018-07
EPIC 251393748.01,EPIC 251393748,1,FALSE POSITIVE,Yu et al. 2018,1,0,Transit,2018,K2,Published Candidate,0,<a refstr=YU_ET_AL__2018 href=https://ui.adsabs.harvard.edu/abs/2018AJ....156...22Y/abstract target=ref>Yu et al. 2018</a>,8.07181,,,0,,,,,,,,,,,,,,,,,,,,,,,,,,,,,,,,,,0,<a refstr=STASSUN_ET_AL__2019 href=https://ui.adsabs.harvard.edu/abs/2019AJ....158..138S/abstract target=ref>TICv8</a>,,5709.51,137.14,-145.66,0,1.24106,0.068653,-0.07809,0,1.018,0.099187,-0.150852,0,-0.1157,0.0099,-0.0099,0,[M/H],4.25823,0.072006,-0.095939,0,<a refstr=STASSUN_ET_AL__2019 href=https://ui.adsabs.harvard.edu/abs/2019AJ....158..138S/abstract target=ref>TICv8</a>,09h04m47.13s,136.196376,+24d24m10.02s,24.4027825,235.631,3.584,-3.48,11.291,0.016,-0.016,9.709,0.018,-0.018,2019-02-26,11.1626,0.000732,-0.000732,2019-02-26,2018-07
EPIC 251393916.01,EPIC 251393916,1,FALSE POSITIVE,Yu et al. 2018,1,0,Transit,2018,K2,Published Candidate,0,<a refstr=YU_ET_AL__2018 href=https://ui.adsabs.harvard.edu/abs/2018AJ....156...22Y/abstract target=ref>Yu et al. 2018</a>,0.678473,,,0,,,,,,,,,,,,,,,,,,,,,,,,,,,,,,,,,,0,<a refstr=STASSUN_ET_AL__2019 href=https://ui.adsabs.harvard.edu/abs/2019AJ....158..138S/abstract target=ref>TICv8</a>,,5744.27,260.23,-260.23,0,1.5871,,,0,1.03,,,0,-0.279,0.242,-0.242,0,[M/H],4.0497,,,0,<a refstr=STASSUN_ET_AL__2019 href=https://ui.adsabs.harvard.edu/abs/2019AJ....158..138S/abstract target=ref>TICv8</a>,09h05m12.64s,136.3026696,+24d24m45.15s,24.412541,1862.01,183.125,-183.125,15.25,0.115,-0.115,13.693,0.034,-0.034,2019-02-26,15.1204,0.004243,-0.004243,2019-02-26,2018-07
EPIC 251394139.01,EPIC 251394139,1,FALSE POSITIVE,Yu et al. 2018,1,0,Transit,2018,K2,Published Candidate,0,<a refstr=YU_ET_AL__2018 href=https://ui.adsabs.harvard.edu/abs/2018AJ....156...22Y/abstract target=ref>Yu et al. 2018</a>,26.286249,,,0,,,,,,,,,,,,,,,,,,,,,,,,,,,,,,,,,,0,<a refstr=STASSUN_ET_AL__2019 href=https://ui.adsabs.harvard.edu/abs/2019AJ....158..138S/abstract target=ref>TICv8</a>,,5980.95,123.25,-162.37,0,1.31469,0.079868,-0.06965,0,1.1,0.183128,-0.113165,0,-0.3396,0.0118,-0.0118,0,[M/H],4.24181,0.079932,-0.100667,0,<a refstr=STASSUN_ET_AL__2019 href=https://ui.adsabs.harvard.edu/abs/2019AJ....158..138S/abstract target=ref>TICv8</a>,09h04m17.48s,136.0728142,+24d25m32.82s,24.4257827,355.016,6.605,-6.372,11.923,0.023,-0.023,10.295,0.022,-0.022,2019-02-26,11.7253,0.000283,-0.000283,2019-02-26,2018-07
EPIC 251399501.01,EPIC 251399501,1,CANDIDATE,Zink et al. 2021,1,0,Transit,2021,K2,Published Candidate,0,<a refstr=ZINK_ET_AL__2021 href=https://ui.adsabs.harvard.edu/abs/2021AJ....162..259Z/abstract target=ref>Zink et al. 2021</a>,11.634988,0.00127,-0.00124,0,,,,,2.605,0.096,-0.096,0,0.23240293,0.00856456,-0.00856456,0,,,,,,,,,,,,,,,,,,,,,,0,<a refstr=ZINK_ET_AL__2021 href=https://ui.adsabs.harvard.edu/abs/2021AJ....162..259Z/abstract target=ref>Zink et al. 2021</a>,F2,6020,37,-37,0,1.096,0.029,-0.028,0,0.89,0.141,-0.123,0,-0.278,0.035,-0.035,0,[Fe/H],4.306,0.06,-0.06,0,<a refstr=STASSUN_ET_AL__2019 href=https://ui.adsabs.harvard.edu/abs/2019AJ....158..138S/abstract target=ref>TICv8</a>,09h01m05.52s,135.273,+24d45m26.42s,24.7573387,348.182,7.467,-7.166,12.185,0.057,-0.057,10.761,0.018,-0.018,2021-11-19,12.0412,0.0002,-0.0002,2021-11-19,2021-12
EPIC 251404897.01,EPIC 251404897,1,FALSE POSITIVE,Yu et al. 2018,1,0,Transit,2018,K2,Published Candidate,0,<a refstr=YU_ET_AL__2018 href=https://ui.adsabs.harvard.edu/abs/2018AJ....156...22Y/abstract target=ref>Yu et al. 2018</a>,0.660085,,,0,,,,,,,,,,,,,,,,,,,,,,,,,,,,,,,,,,0,<a refstr=STASSUN_ET_AL__2019 href=https://ui.adsabs.harvard.edu/abs/2019AJ....158..138S/abstract target=ref>TICv8</a>,,4401,123,-123,0,1.16067,,,0,0.69,,,0,,,,,,4.1475,,,0,<a refstr=STASSUN_ET_AL__2019 href=https://ui.adsabs.harvard.edu/abs/2019AJ....158..138S/abstract target=ref>TICv8</a>,09h09m12.45s,137.3018782,+25d04m15.89s,25.0710794,1066.95,102.58,-86.503,16.363,1.133,-1.133,13.418,0.03,-0.03,2019-02-26,16.0793,0.002118,-0.002118,2019-02-26,2018-07
EPIC 251411166.01,EPIC 251411166,1,FALSE POSITIVE,Yu et al. 2018,1,0,Transit,2018,K2,Published Candidate,0,<a refstr=YU_ET_AL__2018 href=https://ui.adsabs.harvard.edu/abs/2018AJ....156...22Y/abstract target=ref>Yu et al. 2018</a>,3.37433,,,0,,,,,,,,,,,,,,,,,,,,,,,,,,,,,,,,,,0,<a refstr=STASSUN_ET_AL__2019 href=https://ui.adsabs.harvard.edu/abs/2019AJ....158..138S/abstract target=ref>TICv8</a>,,4708,123,-123,0,3.77637,,,0,,,,,,,,,,,,,,<a refstr=STASSUN_ET_AL__2019 href=https://ui.adsabs.harvard.edu/abs/2019AJ....158..138S/abstract target=ref>TICv8</a>,08h54m34.13s,133.6422031,+25d25m05.77s,25.4182681,1829.54,119.53,-106.11,14.565,0.172,-0.172,11.987,0.023,-0.023,2019-02-26,14.2673,0.001946,-0.001946,2019-02-26,2018-07
EPIC 251578729.01,EPIC 251578729,1,CANDIDATE,Zink et al. 2021,1,0,Transit,2021,K2,Published Candidate,0,<a refstr=ZINK_ET_AL__2021 href=https://ui.adsabs.harvard.edu/abs/2021AJ....162..259Z/abstract target=ref>Zink et al. 2021</a>,14.223889,0.001788,-0.001694,0,,,,,21.936,7.789,-5.903,0,1.95700221,0.69488923,-0.52663129,0,,,,,,,,,,,,,,,,,,,,,,0,<a refstr=ZINK_ET_AL__2021 href=https://ui.adsabs.harvard.edu/abs/2021AJ....162..259Z/abstract target=ref>Zink et al. 2021</a>,G9,5023,138,-138,0,1.155,0.406,-0.308,0,1.631,1.625,-0.823,0,-0.236,0.198,-0.198,0,[Fe/H],4.524,0.151,-0.151,0,<a refstr=STASSUN_ET_AL__2019 href=https://ui.adsabs.harvard.edu/abs/2019AJ....158..138S/abstract target=ref>TICv8</a>,13h17m25.97s,199.3582044,-01d47m04.66s,-1.7846268,3147.98,1047.4,-731.29,17.9301,0.0465,-0.0465,15.674,0.268,-0.268,2021-11-19,17.7176,0.001823,-0.001823,2021-11-19,2021-12
EPIC 251584580.01,EPIC 251584580,1,CANDIDATE,Zink et al. 2021,1,0,Transit,2021,K2,Published Candidate,0,<a refstr=ZINK_ET_AL__2021 href=https://ui.adsabs.harvard.edu/abs/2021AJ....162..259Z/abstract target=ref>Zink et al. 2021</a>,10.973135,0.001525,-0.00166,0,,,,,2.67,0.26,-0.207,0,0.23820186,0.02319569,-0.01846733,0,,,,,,,,,,,,,,,,,,,,,,0,<a refstr=ZINK_ET_AL__2021 href=https://ui.adsabs.harvard.edu/abs/2021AJ....162..259Z/abstract target=ref>Zink et al. 2021</a>,K3,4940,138,-138,0,0.697,0.047,-0.041,0,0.823,0.368,-0.254,0,-0.387,0.235,-0.235,0,[Fe/H],4.668,0.15,-0.15,0,<a refstr=STASSUN_ET_AL__2019 href=https://ui.adsabs.harvard.edu/abs/2019AJ....158..138S/abstract target=ref>TICv8</a>,13h48m52.11s,207.2171095,-01d39m39.44s,-1.6609545,381.802,4.975,-4.851,14.766,0.172,-0.172,12.206,0.029,-0.029,2021-11-19,14.3198,0.000326,-0.000326,2021-11-19,2021-12
EPIC 251809286.01,EPIC 251809286,1,FALSE POSITIVE,Yu et al. 2018,1,0,Transit,2018,K2,Published Candidate,0,<a refstr=YU_ET_AL__2018 href=https://ui.adsabs.harvard.edu/abs/2018AJ....156...22Y/abstract target=ref>Yu et al. 2018</a>,9.485826,,,0,,,,,,,,,,,,,,,,,,,,,,,,,,,,,,,,,,0,<a refstr=YU_ET_AL__2018 href=https://ui.adsabs.harvard.edu/abs/2018AJ....156...22Y/abstract target=ref>Yu et al. 2018</a>,,,,,,,,,,,,,,,,,,,,,,,<a refstr=EPIC_CATALOG href=https://ui.adsabs.harvard.edu/abs/2016ApJS..224....2H/abstract target=ref>EPIC Catalog</a>,08h46m36.000s,131.65,+19d00m50.00s,19.0138889,,,,,,,,,,2019-02-26,,,,2019-02-26,2018-07
EPIC 251809628.01,EPIC 251809628,1,FALSE POSITIVE,Yu et al. 2018,1,0,Transit,2018,K2,Published Candidate,0,<a refstr=YU_ET_AL__2018 href=https://ui.adsabs.harvard.edu/abs/2018AJ....156...22Y/abstract target=ref>Yu et al. 2018</a>,7.220585,,,0,,,,,,,,,,,,,,,,,,,,,,,,,,,,,,,,,,0,<a refstr=YU_ET_AL__2018 href=https://ui.adsabs.harvard.edu/abs/2018AJ....156...22Y/abstract target=ref>Yu et al. 2018</a>,,,,,,,,,,,,,,,,,,,,,,,<a refstr=EPIC_CATALOG href=https://ui.adsabs.harvard.edu/abs/2016ApJS..224....2H/abstract target=ref>EPIC Catalog</a>,08h40m48.038s,130.2001583,+19d41m09.24s,19.6859,,,,,,,,,,2019-02-26,,,,2019-02-26,2018-07
G 9-40 b,G 9-40,0,CONFIRMED,Stefansson et al. 2020,1,1,Transit,2019,K2,Published Confirmed,0,<a refstr=KOKORI_ET_AL__2023 href=https://ui.adsabs.harvard.edu/abs/2023ApJS..265....4K/abstract target=ref>Kokori et al. 2023</a>,5.7459996,0.000002,-0.000002,0,,,,,,,,,,,,,,,,,,,,,,,,,,,,,,,,,,0,<a refstr=STEFANSSON_ET_AL__2020 href=https://ui.adsabs.harvard.edu/abs/2020AJ....159..100S/abstract target=ref>Stefansson et al. 2020</a>,M2.5 V,3348,32,-32,0,0.3073,0.0059,-0.0061,0,0.29,0.02,-0.02,0,0.04,0.1,-0.11,0,[Fe/H],4.926,0.027,-0.027,0,<a refstr=STASSUN_ET_AL__2019 href=https://ui.adsabs.harvard.edu/abs/2019AJ....158..138S/abstract target=ref>TICv8</a>,08h58m52.52s,134.7188514,+21d04m29.27s,21.0747961,27.9276,0.0451,-0.045,13.821,0.044,-0.044,9.19,0.018,-0.018,2024-03-04,12.7331,0.00044,-0.00044,2024-03-04,2023-03
G 9-40 b,G 9-40,0,CONFIRMED,Stefansson et al. 2020,1,1,Transit,2019,K2,TESS Project Candidate,0,<a refstr=EXOFOP_TESS_TOI href=https://exofop.ipac.caltech.edu/tess/view_toi.php target=ref>ExoFOP-TESS TOI</a>,5.7459945,0.0000061,-0.0000061,0,,,,,2.06081,0.0618536,-0.0618536,0,0.18385347,0.00551822,-0.00551822,0,,,,,,,,,,,,,,3.9983,,,0,393,,,0,0,<a refstr=EXOFOP_TESS_TOI href=https://exofop.ipac.caltech.edu/tess/view_toi.php target=ref>ExoFOP-TESS TOI</a>,,3413,157,-157,0,0.32,0.01,-0.01,0,,,,,,,,,,4.91,,,0,<a refstr=STASSUN_ET_AL__2019 href=https://ui.adsabs.harvard.edu/abs/2019AJ....158..138S/abstract target=ref>TICv8</a>,08h58m52.52s,134.7188514,+21d04m29.27s,21.0747961,27.9276,0.0451,-0.045,13.821,0.044,-0.044,9.19,0.018,-0.018,2024-02-05,12.7331,0.00044,-0.00044,2024-02-05,2017-07
G 9-40 b,G 9-40,0,CONFIRMED,Stefansson et al. 2020,1,1,Transit,2019,K2,Published Candidate,0,<a refstr=YU_ET_AL__2018 href=https://ui.adsabs.harvard.edu/abs/2018AJ....156...22Y/abstract target=ref>Yu et al. 2018</a>,5.745912,,,0,,,,,,,,,,,,,,,,,,,,,,,,,,,,,,,,,,0,<a refstr=YU_ET_AL__2018 href=https://ui.adsabs.harvard.edu/abs/2018AJ....156...22Y/abstract target=ref>Yu et al. 2018</a>,,3390,20,-20,0,0.307,0.003,-0.003,0,,,,,,,,,,4.943,0.01,-0.01,0,<a refstr=STASSUN_ET_AL__2019 href=https://ui.adsabs.harvard.edu/abs/2019AJ....158..138S/abstract target=ref>TICv8</a>,08h58m52.52s,134.7188514,+21d04m29.27s,21.0747961,27.9276,0.0451,-0.045,13.821,0.044,-0.044,9.19,0.018,-0.018,2019-02-26,12.7331,0.00044,-0.00044,2019-02-26,2018-07
G 9-40 b,G 9-40,0,CONFIRMED,Stefansson et al. 2020,1,1,Transit,2019,K2,Published Confirmed,0,<a refstr=STEFANSSON_ET_AL__2020 href=https://ui.adsabs.harvard.edu/abs/2020AJ....159..100S/abstract target=ref>Stefansson et al. 2020</a>,5.746007,0.000006,-0.000006,0,0.0385,0.0078,-0.0053,0,2.025,0.096,-0.097,0,0.1806584,0.00856455,-0.00865376,0,11.7,,,1,0.03681232,,,1,Mass,0,,,0,7.2,2.5,-2.2,0,456,35,-40,0,0,<a refstr=STEFANSSON_ET_AL__2020 href=https://ui.adsabs.harvard.edu/abs/2020AJ....159..100S/abstract target=ref>Stefansson et al. 2020</a>,M2.5 V,3348,32,-32,0,0.3073,0.0059,-0.0061,0,0.29,0.02,-0.02,0,0.04,0.1,-0.11,0,[Fe/H],4.926,0.027,-0.027,0,<a refstr=STASSUN_ET_AL__2019 href=https://ui.adsabs.harvard.edu/abs/2019AJ....158..138S/abstract target=ref>TICv8</a>,08h58m52.52s,134.7188514,+21d04m29.27s,21.0747961,27.9276,0.0451,-0.045,13.821,0.044,-0.044,9.19,0.018,-0.018,2023-02-25,12.7331,0.00044,-0.00044,2023-02-25,2020-03
G 9-40 b,G 9-40,1,CONFIRMED,Stefansson et al. 2020,1,1,Transit,2019,K2,Published Confirmed,0,<a refstr=LUQUE_ET_AL__2022 href=https://ui.adsabs.harvard.edu/abs/2022A&A...666A.154L/abstract target=ref>Luque et al. 2022</a>,5.7459982,0.000002,-0.000002,0,0.0418,0.00064,-0.00064,0,1.9,0.065,-0.065,0,0.16950694,0.00579892,-0.00579892,0,4,0.63,-0.63,0,0.01258541,0.0019822,-0.0019822,0,Mass,0,,,0,6.27,0.19,-0.19,0,440.6,7.6,-7.6,0,0,<a refstr=LUQUE_ET_AL__2022 href=https://ui.adsabs.harvard.edu/abs/2022A&A...666A.154L/abstract target=ref>Luque et al. 2022</a>,,3395,51,-51,0,0.3026,0.0095,-0.0095,0,0.2952,0.0136,-0.0136,0,-0.07,0.16,-0.16,0,[Fe/H],4.84,0.04,-0.04,0,<a refstr=STASSUN_ET_AL__2019 href=https://ui.adsabs.harvard.edu/abs/2019AJ....158..138S/abstract target=ref>TICv8</a>,08h58m52.52s,134.7188514,+21d04m29.27s,21.0747961,27.9276,0.0451,-0.045,13.821,0.044,-0.044,9.19,0.018,-0.018,2024-10-22,12.7331,0.00044,-0.00044,2024-10-22,2022-10
GJ 9827 b,GJ 9827,0,CONFIRMED,Niraula et al. 2017,1,3,Transit,2017,K2,Published Confirmed,0,<a refstr=RODRIGUEZ_ET_AL__2018 href=https://ui.adsabs.harvard.edu/abs/2018AJ....155...72R/abstract target=ref>Rodriguez et al. 2018</a>,1.2089802,0.0000084,-0.0000081,0,0.01888,0.0003,-0.00031,0,1.62,0.11,-0.11,0,0.14452672,0.00981354,-0.00981354,0,3.42,1.2,-0.76,0,0.01076047,0.0037756,-0.00239122,0,Mass,,,,,315,48,-44,0,1172,43,-43,0,0,<a refstr=RODRIGUEZ_ET_AL__2018 href=https://ui.adsabs.harvard.edu/abs/2018AJ....155...72R/abstract target=ref>Rodriguez et al. 2018</a>,K5 V,4269,98,-99,0,0.613,0.033,-0.034,0,0.614,0.03,-0.029,0,-0.5,0.1,-0.1,0,[M/H],4.651,0.055,-0.05,0,<a refstr=STASSUN_ET_AL__2019 href=https://ui.adsabs.harvard.edu/abs/2019AJ....158..138S/abstract target=ref>TICv8</a>,23h27m05.23s,351.7717763,-01d17m07.24s,-1.2853435,29.661,0.0543,-0.0541,10.37,0.03,-0.03,7.193,0.024,-0.024,2018-06-21,9.83773,0.000411,-0.000411,2019-08-23,2018-02
GJ 9827 b,GJ 9827,0,CONFIRMED,Niraula et al. 2017,1,3,Transit,2017,K2,Published Confirmed,0,<a refstr=NIRAULA_ET_AL__2017 href=https://ui.adsabs.harvard.edu/abs/2017AJ....154..266N/abstract target=ref>Niraula et al. 2017</a>,1.208957,0.000013,-0.000012,0,0.02,0.002,-0.002,0,1.75,0.11,-0.12,0,0.15612454,0.00981354,-0.01070568,0,,,,,,,,,,,,,,,,,,1043.5,36.2,-31.3,0,0,<a refstr=NIRAULA_ET_AL__2017 href=https://ui.adsabs.harvard.edu/abs/2017AJ....154..266N/abstract target=ref>Niraula et al. 2017</a>,K6 V,4255,110,-110,0,0.651,0.065,-0.065,0,0.659,0.06,-0.06,0,-0.28,0.12,-0.12,0,[Fe/H],4.7,0.15,-0.15,0,<a refstr=STASSUN_ET_AL__2019 href=https://ui.adsabs.harvard.edu/abs/2019AJ....158..138S/abstract target=ref>TICv8</a>,23h27m05.23s,351.7717763,-01d17m07.24s,-1.2853435,29.661,0.0543,-0.0541,10.37,0.03,-0.03,7.193,0.024,-0.024,2017-11-02,9.83773,0.000411,-0.000411,2019-08-23,2017-12
GJ 9827 b,GJ 9827,0,CONFIRMED,Niraula et al. 2017,1,3,Transit,2017,K2,Published Confirmed,0,<a refstr=PRIETO_ARRANZ_ET_AL__2018 href=https://ui.adsabs.harvard.edu/abs/2018A&A...618A.116P/abstract target=ref>Prieto-Arranz et al. 2018</a>,1.208966,0.000012,-0.000012,0,0.0206,0.002,-0.0023,0,1.58,0.14,-0.13,0,0.1409584,0.01248998,-0.01159784,0,3.69,0.48,-0.46,0,0.01161004,0.00151025,-0.00144732,0,Mass,,,,,256,44,-23,0,1114,46,-26,0,0,<a refstr=PRIETO_ARRANZ_ET_AL__2018 href=https://ui.adsabs.harvard.edu/abs/2018A&A...618A.116P/abstract target=ref>Prieto-Arranz et al. 2018</a>,K6 V,4219,70,-70,0,0.622,0.051,-0.051,0,0.637,0.051,-0.051,0,-0.29,0.12,-0.12,0,[Fe/H],4.657,0.042,-0.042,0,<a refstr=STASSUN_ET_AL__2019 href=https://ui.adsabs.harvard.edu/abs/2019AJ....158..138S/abstract target=ref>TICv8</a>,23h27m05.23s,351.7717763,-01d17m07.24s,-1.2853435,29.661,0.0543,-0.0541,10.37,0.03,-0.03,7.193,0.024,-0.024,2021-07-12,9.83773,0.000411,-0.000411,2021-07-12,2018-10
GJ 9827 b,GJ 9827,0,CONFIRMED,Niraula et al. 2017,1,3,Transit,2017,K2,Published Confirmed,0,<a refstr=HOWARD_ET_AL__2025 href=https://ui.adsabs.harvard.edu/abs/2025ApJS..278...52H/abstract target=ref>Howard et al. 2025</a>,1.2089765,0.0000023,-0.0000023,0,,,,,1.529,0.05787,-0.05787,0,0.13640848,0.00516282,-0.00516282,0,4.87,0.37,-0.37,0,0.01532273,0.00116415,-0.00116415,0,Mass,,,,,294,24,-24,0,1055,21,-21,0,0,<a refstr=HOWARD_ET_AL__2025 href=https://ui.adsabs.harvard.edu/abs/2025ApJS..278...52H/abstract target=ref>Howard et al. 2025</a>,,4294,52,-52,0,0.579,0.018,-0.018,0,0.593,0.018,-0.018,0,-0.26,0.08,-0.08,0,[Fe/H],4.682,0.021,-0.021,0,<a refstr=STASSUN_ET_AL__2019 href=https://ui.adsabs.harvard.edu/abs/2019AJ....158..138S/abstract target=ref>TICv8</a>,23h27m05.23s,351.7717763,-01d17m07.24s,-1.2853435,29.661,0.0543,-0.0541,10.37,0.03,-0.03,7.193,0.024,-0.024,2025-09-17,9.83773,0.000411,-0.000411,2025-09-17,2025-06
GJ 9827 b,GJ 9827,0,CONFIRMED,Niraula et al. 2017,1,3,Transit,2017,K2,Published Confirmed,0,<a refstr=DAI_ET_AL__2019 href=https://ui.adsabs.harvard.edu/abs/2019ApJ...883...79D/abstract target=ref>Dai et al. 2019</a>,1.209,,,0,,,,,1.571,0.033,-0.039,0,0.14015523,0.00294406,-0.00347935,0,4.89,0.43,-0.42,0,0.01538558,0.00135292,-0.00132146,0,Mass,,,,,,,,,,,,,0,<a refstr=DAI_ET_AL__2019 href=https://ui.adsabs.harvard.edu/abs/2019ApJ...883...79D/abstract target=ref>Dai et al. 2019</a>,,4255,110,-110,0,0.5994,0.0081,-0.0085,0,0.606,0.02,-0.015,0,-0.28,0.12,-0.12,0,[Fe/H],4.7,0.15,-0.15,0,<a refstr=STASSUN_ET_AL__2019 href=https://ui.adsabs.harvard.edu/abs/2019AJ....158..138S/abstract target=ref>TICv8</a>,23h27m05.23s,351.7717763,-01d17m07.24s,-1.2853435,29.661,0.0543,-0.0541,10.37,0.03,-0.03,7.193,0.024,-0.024,2019-08-29,9.83773,0.000411,-0.000411,2019-08-23,2019-09
GJ 9827 b,GJ 9827,0,CONFIRMED,Niraula et al. 2017,1,3,Transit,2017,K2,TESS Project Candidate,0,<a refstr=EXOFOP_TESS_TOI href=https://exofop.ipac.caltech.edu/tess/view_toi.php target=ref>ExoFOP-TESS TOI</a>,1.2089755,0.0000003,-0.0000003,0,,,,,1.68645,0.164422,-0.164422,0,0.15045525,0.01466877,-0.01466877,0,,,,,,,,,,,,,,325.749,,,0,1183,,,0,0,<a refstr=EXOFOP_TESS_TOI href=https://exofop.ipac.caltech.edu/tess/view_toi.php target=ref>ExoFOP-TESS TOI</a>,,4199,127.19,-127.19,0,0.63,0.06,-0.06,0,,,,,,,,,,4.65321,0.111146,-0.111146,0,<a refstr=STASSUN_ET_AL__2019 href=https://ui.adsabs.harvard.edu/abs/2019AJ....158..138S/abstract target=ref>TICv8</a>,23h27m05.23s,351.7717763,-01d17m07.24s,-1.2853435,29.661,0.0543,-0.0541,10.37,0.03,-0.03,7.193,0.024,-0.024,2024-01-05,9.83773,0.000411,-0.000411,2024-01-05,2017-07
GJ 9827 b,GJ 9827,0,CONFIRMED,Niraula et al. 2017,1,3,Transit,2017,K2,Published Confirmed,0,<a refstr=BONOMO_ET_AL__2023 href=https://ui.adsabs.harvard.edu/abs/2023arXiv230405773B/abstract target=ref>Bonomo et al. 2023</a>,1.2089819,0.0000071,-0.0000071,0,0.0188,0.00016,-0.00016,0,1.577,0.027,-0.031,0,0.14069076,0.00240878,-0.00276564,0,5.14,0.47,-0.47,0,0.01617225,0.00147879,-0.00147879,0,Mass,0.063,,,1,318,16,-16,0,1175,14,-14,0,0,<a refstr=BONOMO_ET_AL__2023 href=https://ui.adsabs.harvard.edu/abs/2023arXiv230405773B/abstract target=ref>Bonomo et al. 2023</a>,,4305,49,-49,0,0.602,0.005,-0.004,0,0.606,0.015,-0.014,0,-0.26,0.09,-0.09,0,[Fe/H],,,,,<a refstr=STASSUN_ET_AL__2019 href=https://ui.adsabs.harvard.edu/abs/2019AJ....158..138S/abstract target=ref>TICv8</a>,23h27m05.23s,351.7717763,-01d17m07.24s,-1.2853435,29.661,0.0543,-0.0541,10.37,0.03,-0.03,7.193,0.024,-0.024,2023-04-17,9.83773,0.000411,-0.000411,2023-04-17,2023-04
GJ 9827 b,GJ 9827,0,CONFIRMED,Niraula et al. 2017,1,3,Transit,2017,K2,Published Confirmed,0,<a refstr=KOKORI_ET_AL__2023 href=https://ui.adsabs.harvard.edu/abs/2023ApJS..265....4K/abstract target=ref>Kokori et al. 2023</a>,1.2089749,0.000001,-0.000001,0,,,,,,,,,,,,,,,,,,,,,,,,,,,,,,,,,,0,<a refstr=NIRAULA_ET_AL__2017 href=https://ui.adsabs.harvard.edu/abs/2017AJ....154..266N/abstract target=ref>Niraula et al. 2017</a>,K6 V,4255,110,-110,0,0.651,0.065,-0.065,0,0.659,0.06,-0.06,0,-0.28,0.12,-0.12,0,[Fe/H],4.7,0.15,-0.15,0,<a refstr=STASSUN_ET_AL__2019 href=https://ui.adsabs.harvard.edu/abs/2019AJ....158..138S/abstract target=ref>TICv8</a>,23h27m05.23s,351.7717763,-01d17m07.24s,-1.2853435,29.661,0.0543,-0.0541,10.37,0.03,-0.03,7.193,0.024,-0.024,2024-03-04,9.83773,0.000411,-0.000411,2024-03-04,2023-03
GJ 9827 b,GJ 9827,1,CONFIRMED,Niraula et al. 2017,1,3,Transit,2017,K2,Published Confirmed,0,<a refstr=PASSEGGER_ET_AL__2024 href=https://ui.adsabs.harvard.edu/abs/2024arXiv240106276P/abstract target=ref>Passegger et al. 2024</a>,1.208974,0.000001,-0.000001,0,0.0189,0.0004,-0.0004,0,1.44,0.09,-0.07,0,0.12846842,0.00802928,-0.00624499,0,4.28,0.35,-0.33,0,0.01346639,0.00110122,-0.0010383,0,Mass,,,,,,,,,1035.01,29.07,-29.07,0,0,<a refstr=PASSEGGER_ET_AL__2024 href=https://ui.adsabs.harvard.edu/abs/2024arXiv240106276P/abstract target=ref>Passegger et al. 2024</a>,K7 V,4236,12,-12,0,0.58,0.03,-0.03,0,0.62,0.04,-0.04,0,-0.29,0.03,-0.03,0,[Fe/H],4.719,0.013,-0.013,0,<a refstr=STASSUN_ET_AL__2019 href=https://ui.adsabs.harvard.edu/abs/2019AJ....158..138S/abstract target=ref>TICv8</a>,23h27m05.23s,351.7717763,-01d17m07.24s,-1.2853435,29.661,0.0543,-0.0541,10.37,0.03,-0.03,7.193,0.024,-0.024,2025-01-09,9.83773,0.000411,-0.000411,2025-01-09,2024-01
GJ 9827 b,GJ 9827,0,CONFIRMED,Niraula et al. 2017,1,3,Transit,2017,K2,Published Confirmed,0,<a refstr=RICE_ET_AL__2019 href=https://ui.adsabs.harvard.edu/abs/2019MNRAS.484.3731R/abstract target=ref>Rice et al. 2019</a>,1.2089819,0.00000693,-0.00000714,0,0.0188,0.0002,-0.00014,0,1.577,0.027,-0.031,0,0.14069052,0.00240878,-0.00276563,0,4.91,0.49,-0.49,0,0.01544851,0.0015417,-0.0015417,0,Mass,0,,,0,,,,,,,,,0,<a refstr=RICE_ET_AL__2019 href=https://ui.adsabs.harvard.edu/abs/2019MNRAS.484.3731R/abstract target=ref>Rice et al. 2019</a>,,4340,40,-53,0,0.602,0.005,-0.004,0,0.606,0.02,-0.014,0,-0.26,0.09,-0.09,0,[M/H],4.66,0.015,-0.01,0,<a refstr=STASSUN_ET_AL__2019 href=https://ui.adsabs.harvard.edu/abs/2019AJ....158..138S/abstract target=ref>TICv8</a>,23h27m05.23s,351.7717763,-01d17m07.24s,-1.2853435,29.661,0.0543,-0.0541,10.37,0.03,-0.03,7.193,0.024,-0.024,2019-08-29,9.83773,0.000411,-0.000411,2019-08-23,2019-04
GJ 9827 c,GJ 9827,0,CONFIRMED,Niraula et al. 2017,1,3,Transit,2017,K2,Published Confirmed,0,<a refstr=RODRIGUEZ_ET_AL__2018 href=https://ui.adsabs.harvard.edu/abs/2018AJ....155...72R/abstract target=ref>Rodriguez et al. 2018</a>,3.648083,0.00006,-0.000058,0,0.03942,0.00062,-0.00064,0,1.269,0.087,-0.089,0,0.1132126,0.00776162,-0.00794005,0,2.42,0.75,-0.49,0,0.00761413,0.00235975,-0.0015417,0,Mass,,,,,72,11,-10,0,811,30,-30,0,0,<a refstr=RODRIGUEZ_ET_AL__2018 href=https://ui.adsabs.harvard.edu/abs/2018AJ....155...72R/abstract target=ref>Rodriguez et al. 2018</a>,K5 V,4269,98,-99,0,0.613,0.033,-0.034,0,0.614,0.03,-0.029,0,-0.5,0.1,-0.1,0,[M/H],4.651,0.055,-0.05,0,<a refstr=STASSUN_ET_AL__2019 href=https://ui.adsabs.harvard.edu/abs/2019AJ....158..138S/abstract target=ref>TICv8</a>,23h27m05.23s,351.7717763,-01d17m07.24s,-1.2853435,29.661,0.0543,-0.0541,10.37,0.03,-0.03,7.193,0.024,-0.024,2018-06-21,9.83773,0.000411,-0.000411,2019-08-23,2018-02
GJ 9827 c,GJ 9827,0,CONFIRMED,Niraula et al. 2017,1,3,Transit,2017,K2,Published Confirmed,0,<a refstr=HOWARD_ET_AL__2025 href=https://ui.adsabs.harvard.edu/abs/2025ApJS..278...52H/abstract target=ref>Howard et al. 2025</a>,3.648095,0.000024,-0.000024,0,,,,,1.201,0.04586,-0.04586,0,0.10714623,0.00409136,-0.00409136,0,1.92,0.49,-0.49,0,0.006041,0.00154171,-0.00154171,0,Mass,,,,,67,5,-5,0,730,15,-15,0,0,<a refstr=HOWARD_ET_AL__2025 href=https://ui.adsabs.harvard.edu/abs/2025ApJS..278...52H/abstract target=ref>Howard et al. 2025</a>,,4294,52,-52,0,0.579,0.018,-0.018,0,0.593,0.018,-0.018,0,-0.26,0.08,-0.08,0,[Fe/H],4.682,0.021,-0.021,0,<a refstr=STASSUN_ET_AL__2019 href=https://ui.adsabs.harvard.edu/abs/2019AJ....158..138S/abstract target=ref>TICv8</a>,23h27m05.23s,351.7717763,-01d17m07.24s,-1.2853435,29.661,0.0543,-0.0541,10.37,0.03,-0.03,7.193,0.024,-0.024,2025-09-17,9.83773,0.000411,-0.000411,2025-09-17,2025-06
GJ 9827 c,GJ 9827,0,CONFIRMED,Niraula et al. 2017,1,3,Transit,2017,K2,Published Confirmed,0,<a refstr=BONOMO_ET_AL__2023 href=https://ui.adsabs.harvard.edu/abs/2023arXiv230405773B/abstract target=ref>Bonomo et al. 2023</a>,3.648096,0.000063,-0.000063,0,0.03925,0.00033,-0.00033,0,1.241,0.024,-0.026,0,0.11071479,0.00214114,-0.00231957,0,1.3,,,1,0.00409026,,,1,Mass,0.094,,,1,73,3.7,-3.7,0,813,10,-10,0,0,<a refstr=BONOMO_ET_AL__2023 href=https://ui.adsabs.harvard.edu/abs/2023arXiv230405773B/abstract target=ref>Bonomo et al. 2023</a>,,4305,49,-49,0,0.602,0.005,-0.004,0,0.606,0.015,-0.014,0,-0.26,0.09,-0.09,0,[Fe/H],,,,,<a refstr=STASSUN_ET_AL__2019 href=https://ui.adsabs.harvard.edu/abs/2019AJ....158..138S/abstract target=ref>TICv8</a>,23h27m05.23s,351.7717763,-01d17m07.24s,-1.2853435,29.661,0.0543,-0.0541,10.37,0.03,-0.03,7.193,0.024,-0.024,2023-04-17,9.83773,0.000411,-0.000411,2023-04-17,2023-04
GJ 9827 c,GJ 9827,0,CONFIRMED,Niraula et al. 2017,1,3,Transit,2017,K2,Published Confirmed,0,<a refstr=PRIETO_ARRANZ_ET_AL__2018 href=https://ui.adsabs.harvard.edu/abs/2018A&A...618A.116P/abstract target=ref>Prieto-Arranz et al. 2018</a>,3.64823,0.00012,-0.00012,0,0.0429,0.0042,-0.0048,0,1.24,0.11,-0.11,0,0.11062558,0.00981356,-0.00981356,0,1.45,0.58,-0.57,0,0.00456221,0.00182488,-0.00179342,0,Mass,,,,,59,10,-5,0,771,31,-18,0,0,<a refstr=PRIETO_ARRANZ_ET_AL__2018 href=https://ui.adsabs.harvard.edu/abs/2018A&A...618A.116P/abstract target=ref>Prieto-Arranz et al. 2018</a>,K6 V,4219,70,-70,0,0.622,0.051,-0.051,0,0.637,0.051,-0.051,0,-0.29,0.12,-0.12,0,[Fe/H],4.657,0.042,-0.042,0,<a refstr=STASSUN_ET_AL__2019 href=https://ui.adsabs.harvard.edu/abs/2019AJ....158..138S/abstract target=ref>TICv8</a>,23h27m05.23s,351.7717763,-01d17m07.24s,-1.2853435,29.661,0.0543,-0.0541,10.37,0.03,-0.03,7.193,0.024,-0.024,2021-07-12,9.83773,0.000411,-0.000411,2021-07-12,2018-10
GJ 9827 c,GJ 9827,0,CONFIRMED,Niraula et al. 2017,1,3,Transit,2017,K2,Published Confirmed,0,<a refstr=RICE_ET_AL__2019 href=https://ui.adsabs.harvard.edu/abs/2019MNRAS.484.3731R/abstract target=ref>Rice et al. 2019</a>,3.6480957,0.0000633,-0.0000621,0,0.03925,0.00042,-0.00029,0,1.241,0.024,-0.026,0,0.1107146,0.00214114,-0.00231956,0,0.84,,,0,0.00264292,,,0,Mass,0,,,0,,,,,,,,,0,<a refstr=RICE_ET_AL__2019 href=https://ui.adsabs.harvard.edu/abs/2019MNRAS.484.3731R/abstract target=ref>Rice et al. 2019</a>,,4340,40,-53,0,0.602,0.005,-0.004,0,0.606,0.02,-0.014,0,-0.26,0.09,-0.09,0,[M/H],4.66,0.015,-0.01,0,<a refstr=STASSUN_ET_AL__2019 href=https://ui.adsabs.harvard.edu/abs/2019AJ....158..138S/abstract target=ref>TICv8</a>,23h27m05.23s,351.7717763,-01d17m07.24s,-1.2853435,29.661,0.0543,-0.0541,10.37,0.03,-0.03,7.193,0.024,-0.024,2019-08-29,9.83773,0.000411,-0.000411,2019-08-23,2019-04
GJ 9827 c,GJ 9827,0,CONFIRMED,Niraula et al. 2017,1,3,Transit,2017,K2,Published Confirmed,0,<a refstr=NIRAULA_ET_AL__2017 href=https://ui.adsabs.harvard.edu/abs/2017AJ....154..266N/abstract target=ref>Niraula et al. 2017</a>,3.64802,0.00011,-0.00011,0,0.042,0.003,-0.003,0,1.36,0.09,-0.09,0,0.12133107,0.00802926,-0.00802926,0,,,,,,,,,,,,,,,,,,721.9,25,-21.5,0,0,<a refstr=NIRAULA_ET_AL__2017 href=https://ui.adsabs.harvard.edu/abs/2017AJ....154..266N/abstract target=ref>Niraula et al. 2017</a>,K6 V,4255,110,-110,0,0.651,0.065,-0.065,0,0.659,0.06,-0.06,0,-0.28,0.12,-0.12,0,[Fe/H],4.7,0.15,-0.15,0,<a refstr=STASSUN_ET_AL__2019 href=https://ui.adsabs.harvard.edu/abs/2019AJ....158..138S/abstract target=ref>TICv8</a>,23h27m05.23s,351.7717763,-01d17m07.24s,-1.2853435,29.661,0.0543,-0.0541,10.37,0.03,-0.03,7.193,0.024,-0.024,2017-11-02,9.83773,0.000411,-0.000411,2019-08-23,2017-12
GJ 9827 c,GJ 9827,1,CONFIRMED,Niraula et al. 2017,1,3,Transit,2017,K2,Published Confirmed,0,<a refstr=PASSEGGER_ET_AL__2024 href=https://ui.adsabs.harvard.edu/abs/2024arXiv240106276P/abstract target=ref>Passegger et al. 2024</a>,3.648103,0.000013,-0.00001,0,0.0395,0.0009,-0.0009,0,1.13,0.07,-0.05,0,0.10081202,0.00624499,-0.00446071,0,1.86,0.37,-0.39,0,0.00585221,0.00116415,-0.00122708,0,Mass,,,,,,,,,715.94,20.33,-20.33,0,0,<a refstr=PASSEGGER_ET_AL__2024 href=https://ui.adsabs.harvard.edu/abs/2024arXiv240106276P/abstract target=ref>Passegger et al. 2024</a>,K7 V,4236,12,-12,0,0.58,0.03,-0.03,0,0.62,0.04,-0.04,0,-0.29,0.03,-0.03,0,[Fe/H],4.719,0.013,-0.013,0,<a refstr=STASSUN_ET_AL__2019 href=https://ui.adsabs.harvard.edu/abs/2019AJ....158..138S/abstract target=ref>TICv8</a>,23h27m05.23s,351.7717763,-01d17m07.24s,-1.2853435,29.661,0.0543,-0.0541,10.37,0.03,-0.03,7.193,0.024,-0.024,2025-01-09,9.83773,0.000411,-0.000411,2025-01-09,2024-01
GJ 9827 c,GJ 9827,0,CONFIRMED,Niraula et al. 2017,1,3,Transit,2017,K2,Published Confirmed,0,<a refstr=KOKORI_ET_AL__2023 href=https://ui.adsabs.harvard.edu/abs/2023ApJS..265....4K/abstract target=ref>Kokori et al. 2023</a>,3.6481145,0.0000096,-0.0000096,0,,,,,,,,,,,,,,,,,,,,,,,,,,,,,,,,,,0,<a refstr=NIRAULA_ET_AL__2017 href=https://ui.adsabs.harvard.edu/abs/2017AJ....154..266N/abstract target=ref>Niraula et al. 2017</a>,K6 V,4255,110,-110,0,0.651,0.065,-0.065,0,0.659,0.06,-0.06,0,-0.28,0.12,-0.12,0,[Fe/H],4.7,0.15,-0.15,0,<a refstr=STASSUN_ET_AL__2019 href=https://ui.adsabs.harvard.edu/abs/2019AJ....158..138S/abstract target=ref>TICv8</a>,23h27m05.23s,351.7717763,-01d17m07.24s,-1.2853435,29.661,0.0543,-0.0541,10.37,0.03,-0.03,7.193,0.024,-0.024,2024-03-04,9.83773,0.000411,-0.000411,2024-03-04,2023-03
GJ 9827 d,GJ 9827,0,CONFIRMED,Niraula et al. 2017,1,3,Transit,2017,K2,Published Confirmed,0,<a refstr=RICE_ET_AL__2019 href=https://ui.adsabs.harvard.edu/abs/2019MNRAS.484.3731R/abstract target=ref>Rice et al. 2019</a>,6.2014698,0.0000626,-0.0000611,0,0.05591,0.00059,-0.00041,0,2.022,0.046,-0.043,0,0.18039076,0.00410385,-0.0038362,0,4.04,0.82,-0.84,0,0.0127112,0.00258,-0.00264292,0,Mass,0,,,0,,,,,,,,,0,<a refstr=RICE_ET_AL__2019 href=https://ui.adsabs.harvard.edu/abs/2019MNRAS.484.3731R/abstract target=ref>Rice et al. 2019</a>,,4340,40,-53,0,0.602,0.005,-0.004,0,0.606,0.02,-0.014,0,-0.26,0.09,-0.09,0,[M/H],4.66,0.015,-0.01,0,<a refstr=STASSUN_ET_AL__2019 href=https://ui.adsabs.harvard.edu/abs/2019AJ....158..138S/abstract target=ref>TICv8</a>,23h27m05.23s,351.7717763,-01d17m07.24s,-1.2853435,29.661,0.0543,-0.0541,10.37,0.03,-0.03,7.193,0.024,-0.024,2019-08-29,9.83773,0.000411,-0.000411,2019-08-23,2019-04
GJ 9827 d,GJ 9827,0,CONFIRMED,Niraula et al. 2017,1,3,Transit,2017,K2,Published Confirmed,0,<a refstr=RODRIGUEZ_ET_AL__2018 href=https://ui.adsabs.harvard.edu/abs/2018AJ....155...72R/abstract target=ref>Rodriguez et al. 2018</a>,6.201467,0.000062,-0.000061,0,0.05615,0.00089,-0.00091,0,2.07,0.14,-0.14,0,0.18467303,0.01248996,-0.01248996,0,5.2,1.8,-1.2,0,0.01636095,0.0056634,-0.0037756,0,Mass,,,,,35.6,5.4,-5,0,680,25,-25,0,0,<a refstr=RODRIGUEZ_ET_AL__2018 href=https://ui.adsabs.harvard.edu/abs/2018AJ....155...72R/abstract target=ref>Rodriguez et al. 2018</a>,K5 V,4269,98,-99,0,0.613,0.033,-0.034,0,0.614,0.03,-0.029,0,-0.5,0.1,-0.1,0,[M/H],4.651,0.055,-0.05,0,<a refstr=STASSUN_ET_AL__2019 href=https://ui.adsabs.harvard.edu/abs/2019AJ....158..138S/abstract target=ref>TICv8</a>,23h27m05.23s,351.7717763,-01d17m07.24s,-1.2853435,29.661,0.0543,-0.0541,10.37,0.03,-0.03,7.193,0.024,-0.024,2018-06-21,9.83773,0.000411,-0.000411,2019-08-23,2018-02
GJ 9827 d,GJ 9827,1,CONFIRMED,Niraula et al. 2017,1,3,Transit,2017,K2,Published Confirmed,0,<a refstr=PIAULET_GHORAYEB_ET_AL__2024 href=https://ui.adsabs.harvard.edu/abs/2024ApJ...974L..10P/abstract target=ref>Piaulet-Ghorayeb et al. 2024</a>,6.20183,0.000003,-0.000003,0,0.053,0.003,-0.003,0,1.98,0.11,-0.1,0,0.17664407,0.00981356,-0.00892142,0,3.02,0.58,-0.57,0,0.00950198,0.00182488,-0.00179342,0,Mass,,,,,34.9,2.8,-2.6,0,675,14,-12,0,0,<a refstr=PIAULET_GHORAYEB_ET_AL__2024 href=https://ui.adsabs.harvard.edu/abs/2024ApJ...974L..10P/abstract target=ref>Piaulet-Ghorayeb et al. 2024</a>,K7 V,4236,12,-12,0,0.58,0.03,-0.03,0,0.62,0.04,-0.04,0,-0.29,0.03,-0.03,0,[Fe/H],4.7,0.05,-0.05,0,<a refstr=STASSUN_ET_AL__2019 href=https://ui.adsabs.harvard.edu/abs/2019AJ....158..138S/abstract target=ref>TICv8</a>,23h27m05.23s,351.7717763,-01d17m07.24s,-1.2853435,29.661,0.0543,-0.0541,10.37,0.03,-0.03,7.193,0.024,-0.024,2024-10-15,9.83773,0.000411,-0.000411,2024-10-15,2024-10
GJ 9827 d,GJ 9827,0,CONFIRMED,Niraula et al. 2017,1,3,Transit,2017,K2,Published Confirmed,0,<a refstr=PRIETO_ARRANZ_ET_AL__2018 href=https://ui.adsabs.harvard.edu/abs/2018A&A...618A.116P/abstract target=ref>Prieto-Arranz et al. 2018</a>,6.20142,0.00013,-0.00013,0,0.0611,0.006,-0.0068,0,2.04,0.18,-0.18,0,0.18199692,0.01605855,-0.01605855,0,2.35,0.7,-0.68,0,0.00739393,0.00220245,-0.00213952,0,Mass,,,,,29,5,-3,0,646,26,-15,0,0,<a refstr=PRIETO_ARRANZ_ET_AL__2018 href=https://ui.adsabs.harvard.edu/abs/2018A&A...618A.116P/abstract target=ref>Prieto-Arranz et al. 2018</a>,K6 V,4219,70,-70,0,0.622,0.051,-0.051,0,0.637,0.051,-0.051,0,-0.29,0.12,-0.12,0,[Fe/H],4.657,0.042,-0.042,0,<a refstr=STASSUN_ET_AL__2019 href=https://ui.adsabs.harvard.edu/abs/2019AJ....158..138S/abstract target=ref>TICv8</a>,23h27m05.23s,351.7717763,-01d17m07.24s,-1.2853435,29.661,0.0543,-0.0541,10.37,0.03,-0.03,7.193,0.024,-0.024,2021-07-12,9.83773,0.000411,-0.000411,2021-07-12,2018-10
GJ 9827 d,GJ 9827,0,CONFIRMED,Niraula et al. 2017,1,3,Transit,2017,K2,Published Confirmed,0,<a refstr=BONOMO_ET_AL__2023 href=https://ui.adsabs.harvard.edu/abs/2023arXiv230405773B/abstract target=ref>Bonomo et al. 2023</a>,6.20147,0.000063,-0.000063,0,0.0559,0.00046,-0.00046,0,2.022,0.046,-0.043,0,0.18039107,0.00410385,-0.00383621,0,3.53,0.87,-0.88,0,0.01110662,0.00273733,-0.00276879,0,Mass,0.13,,,1,36,1.9,-1.9,0,681,8,-8,0,0,<a refstr=BONOMO_ET_AL__2023 href=https://ui.adsabs.harvard.edu/abs/2023arXiv230405773B/abstract target=ref>Bonomo et al. 2023</a>,,4305,49,-49,0,0.602,0.005,-0.004,0,0.606,0.015,-0.014,0,-0.26,0.09,-0.09,0,[Fe/H],,,,,<a refstr=STASSUN_ET_AL__2019 href=https://ui.adsabs.harvard.edu/abs/2019AJ....158..138S/abstract target=ref>TICv8</a>,23h27m05.23s,351.7717763,-01d17m07.24s,-1.2853435,29.661,0.0543,-0.0541,10.37,0.03,-0.03,7.193,0.024,-0.024,2023-04-17,9.83773,0.000411,-0.000411,2023-04-17,2023-04
GJ 9827 d,GJ 9827,0,CONFIRMED,Niraula et al. 2017,1,3,Transit,2017,K2,Published Confirmed,0,<a refstr=NIRAULA_ET_AL__2017 href=https://ui.adsabs.harvard.edu/abs/2017AJ....154..266N/abstract target=ref>Niraula et al. 2017</a>,6.20141,0.00013,-0.0001,0,0.06,0.005,-0.005,0,2.1,0.15,-0.15,0,0.18734945,0.0133821,-0.0133821,0,,,,,,,,,,,,,,,,,,604.9,20.8,-18,0,0,<a refstr=NIRAULA_ET_AL__2017 href=https://ui.adsabs.harvard.edu/abs/2017AJ....154..266N/abstract target=ref>Niraula et al. 2017</a>,K6 V,4255,110,-110,0,0.651,0.065,-0.065,0,0.659,0.06,-0.06,0,-0.28,0.12,-0.12,0,[Fe/H],4.7,0.15,-0.15,0,<a refstr=STASSUN_ET_AL__2019 href=https://ui.adsabs.harvard.edu/abs/2019AJ....158..138S/abstract target=ref>TICv8</a>,23h27m05.23s,351.7717763,-01d17m07.24s,-1.2853435,29.661,0.0543,-0.0541,10.37,0.03,-0.03,7.193,0.024,-0.024,2017-11-02,9.83773,0.000411,-0.000411,2019-08-23,2017-12
GJ 9827 d,GJ 9827,0,CONFIRMED,Niraula et al. 2017,1,3,Transit,2017,K2,Published Confirmed,0,<a refstr=PASSEGGER_ET_AL__2024 href=https://ui.adsabs.harvard.edu/abs/2024arXiv240106276P/abstract target=ref>Passegger et al. 2024</a>,6.201812,0.000009,-0.000009,0,0.0563,0.0012,-0.0012,0,1.89,0.16,-0.14,0,0.1686148,0.01427427,-0.01248998,0,3.02,0.58,-0.57,0,0.00950198,0.00182488,-0.00179342,0,Mass,,,,,,,,,599.68,16.86,-16.86,0,0,<a refstr=PASSEGGER_ET_AL__2024 href=https://ui.adsabs.harvard.edu/abs/2024arXiv240106276P/abstract target=ref>Passegger et al. 2024</a>,K7 V,4236,12,-12,0,0.58,0.03,-0.03,0,0.62,0.04,-0.04,0,-0.29,0.03,-0.03,0,[Fe/H],4.719,0.013,-0.013,0,<a refstr=STASSUN_ET_AL__2019 href=https://ui.adsabs.harvard.edu/abs/2019AJ....158..138S/abstract target=ref>TICv8</a>,23h27m05.23s,351.7717763,-01d17m07.24s,-1.2853435,29.661,0.0543,-0.0541,10.37,0.03,-0.03,7.193,0.024,-0.024,2025-01-09,9.83773,0.000411,-0.000411,2025-01-09,2024-01
GJ 9827 d,GJ 9827,0,CONFIRMED,Niraula et al. 2017,1,3,Transit,2017,K2,Published Confirmed,0,<a refstr=HOWARD_ET_AL__2025 href=https://ui.adsabs.harvard.edu/abs/2025ApJS..278...52H/abstract target=ref>Howard et al. 2025</a>,6.20183,0.00001,-0.00001,0,,,,,1.955,0.07535,-0.07535,0,0.17441372,0.00672229,-0.00672229,0,3.42,0.62,-0.62,0,0.01076052,0.00195074,-0.00195074,0,Mass,,,,,33,3,-3,0,612,12,-12,0,0,<a refstr=HOWARD_ET_AL__2025 href=https://ui.adsabs.harvard.edu/abs/2025ApJS..278...52H/abstract target=ref>Howard et al. 2025</a>,,4294,52,-52,0,0.579,0.018,-0.018,0,0.593,0.018,-0.018,0,-0.26,0.08,-0.08,0,[Fe/H],4.682,0.021,-0.021,0,<a refstr=STASSUN_ET_AL__2019 href=https://ui.adsabs.harvard.edu/abs/2019AJ....158..138S/abstract target=ref>TICv8</a>,23h27m05.23s,351.7717763,-01d17m07.24s,-1.2853435,29.661,0.0543,-0.0541,10.37,0.03,-0.03,7.193,0.024,-0.024,2025-09-17,9.83773,0.000411,-0.000411,2025-09-17,2025-06
HAT-P-54 b,HAT-P-54,0,CONFIRMED,Bakos et al. 2015,1,1,Transit,2015,HATNet,Published Confirmed,0,<a refstr=KOKORI_ET_AL__2023 href=https://ui.adsabs.harvard.edu/abs/2023ApJS..265....4K/abstract target=ref>Kokori et al. 2023</a>,3.79985297,0.00000038,-0.00000038,0,,,,,,,,,,,,,,,,,,,,,,,,,,,,,,,,,,0,<a refstr=BAKOS_ET_AL__2015 href=https://ui.adsabs.harvard.edu/abs/2015AJ....149..149B/abstract target=ref>Bakos et al. 2015</a>,,4390,50,-50,0,0.617,0.013,-0.013,0,0.645,0.02,-0.02,0,-0.127,0.08,-0.08,0,[Fe/H],4.667,0.012,-0.012,0,<a refstr=STASSUN_ET_AL__2019 href=https://ui.adsabs.harvard.edu/abs/2019AJ....158..138S/abstract target=ref>TICv8</a>,06h39m35.52s,99.8979924,+25d28m56.64s,25.4824005,143.651,0.583,-0.579,13.398,0.069,-0.069,10.326,0.019,-0.019,2024-03-04,13.0172,0.001035,-0.001035,2024-03-04,2023-03
HAT-P-54 b,HAT-P-54,0,CONFIRMED,Bakos et al. 2015,1,1,Transit,2015,HATNet,Published Confirmed,0,<a refstr=HEWITT_ET_AL__2024 href=https://ui.adsabs.harvard.edu/abs/2024JAVSO..52..137H/abstract target=ref>Hewitt et al. 2024</a>,3.79985363,0.00000037,-0.00000037,0,,,,,,,,,,,,,,,,,,,,,,,,,,,,,,,,,,0,<a refstr=HEWITT_ET_AL__2024 href=https://ui.adsabs.harvard.edu/abs/2024JAVSO..52..137H/abstract target=ref>Hewitt et al. 2024</a>,,,,,,,,,,,,,,,,,,,,,,,<a refstr=STASSUN_ET_AL__2019 href=https://ui.adsabs.harvard.edu/abs/2019AJ....158..138S/abstract target=ref>TICv8</a>,06h39m35.52s,99.8979924,+25d28m56.64s,25.4824005,143.651,0.583,-0.579,13.398,0.069,-0.069,10.326,0.019,-0.019,2025-09-25,13.0172,0.001035,-0.001035,2025-09-25,2024-12
HAT-P-54 b,HAT-P-54,0,CONFIRMED,Bakos et al. 2015,1,1,Transit,2015,HATNet,Published Candidate,0,<a refstr=VANDERBURG_ET_AL__2016 href=https://ui.adsabs.harvard.edu/abs/2016ApJS..222...14V/abstract target=ref>Vanderburg et al. 2016</a>,3.7999139,,,0,,,,,10.8,,,0,0.96351146,,,0,,,,,,,,,,,,,,,,,,,,,,0,<a refstr=VANDERBURG_ET_AL__2016 href=https://ui.adsabs.harvard.edu/abs/2016ApJS..222...14V/abstract target=ref>Vanderburg et al. 2016</a>,,4171,,,0,0.64,,,0,,,,,,,,,,,,,,<a refstr=STASSUN_ET_AL__2019 href=https://ui.adsabs.harvard.edu/abs/2019AJ....158..138S/abstract target=ref>TICv8</a>,06h39m35.52s,99.8979924,+25d28m56.64s,25.4824005,143.651,0.583,-0.579,13.398,0.069,-0.069,10.326,0.019,-0.019,2015-12-05,13.0172,0.001035,-0.001035,2022-08-23,2016-01
HAT-P-54 b,HAT-P-54,1,CONFIRMED,Bakos et al. 2015,1,1,Transit,2015,HATNet,Published Confirmed,0,<a refstr=BAKOS_ET_AL__2015 href=https://ui.adsabs.harvard.edu/abs/2015AJ....149..149B/abstract target=ref>Bakos et al. 2015</a>,3.799847,0.000014,-0.000014,0,0.04117,0.00043,-0.00043,0,10.581296,0.313852,-0.313852,0,0.944,0.028,-0.028,0,241.5508,10.17056,-10.17056,0,0.76,0.032,-0.032,0,Mass,0.074,,,1,,,,,818,12,-12,0,0,<a refstr=BAKOS_ET_AL__2015 href=https://ui.adsabs.harvard.edu/abs/2015AJ....149..149B/abstract target=ref>Bakos et al. 2015</a>,,4390,50,-50,0,0.617,0.013,-0.013,0,0.645,0.02,-0.02,0,-0.127,0.08,-0.08,0,[Fe/H],4.667,0.012,-0.012,0,<a refstr=STASSUN_ET_AL__2019 href=https://ui.adsabs.harvard.edu/abs/2019AJ....158..138S/abstract target=ref>TICv8</a>,06h39m35.52s,99.8979924,+25d28m56.64s,25.4824005,143.651,0.583,-0.579,13.398,0.069,-0.069,10.326,0.019,-0.019,2015-04-24,13.0172,0.001035,-0.001035,2015-04-24,2015-04
HAT-P-54 b,HAT-P-54,0,CONFIRMED,Bakos et al. 2015,1,1,Transit,2015,HATNet,Published Candidate,0,<a refstr=KRUSE_ET_AL__2019 href=https://ui.adsabs.harvard.edu/abs/2019ApJS..244...11K/abstract target=ref>Kruse et al. 2019</a>,3.799878,0.000014,-0.000014,0,,,,,11.8,1.8,-1,0,1.05,0.16,-0.09,0,,,,,,,,,,,,,,,,,,,,,,0,<a refstr=KRUSE_ET_AL__2019 href=https://ui.adsabs.harvard.edu/abs/2019ApJS..244...11K/abstract target=ref>Kruse et al. 2019</a>,,,,,,0.693,0.048,-0.054,0,,,,,,,,,,,,,,<a refstr=STASSUN_ET_AL__2019 href=https://ui.adsabs.harvard.edu/abs/2019AJ....158..138S/abstract target=ref>TICv8</a>,06h39m35.52s,99.8979924,+25d28m56.64s,25.4824005,143.651,0.583,-0.579,13.398,0.069,-0.069,10.326,0.019,-0.019,2019-09-05,13.0172,0.001035,-0.001035,2022-08-23,2019-09
HAT-P-54 b,HAT-P-54,0,CONFIRMED,Bakos et al. 2015,1,1,Transit,2015,HATNet,Published Candidate,0,<a refstr=CROSSFIELD_ET_AL__2016 href=https://ui.adsabs.harvard.edu/abs/2016ApJS..226....7C/abstract target=ref>Crossfield et al. 2016</a>,3.80001,0.00018,-0.00018,0,,,,,40,22,-22,0,3.6,2,-2,0,,,,,,,,,,,,,,,,,,,,,,0,<a refstr=CROSSFIELD_ET_AL__2016 href=https://ui.adsabs.harvard.edu/abs/2016ApJS..226....7C/abstract target=ref>Crossfield et al. 2016</a>,,4441,143,-143,0,0.68,0.03,-0.03,0,,,,,,,,,,4.631,0.025,-0.025,0,<a refstr=STASSUN_ET_AL__2019 href=https://ui.adsabs.harvard.edu/abs/2019AJ....158..138S/abstract target=ref>TICv8</a>,06h39m35.52s,99.8979924,+25d28m56.64s,25.4824005,143.651,0.583,-0.579,13.398,0.069,-0.069,10.326,0.019,-0.019,2016-07-18,13.0172,0.001035,-0.001035,2022-08-23,2016-09
HAT-P-54 b,HAT-P-54,0,CONFIRMED,Bakos et al. 2015,1,1,Transit,2015,HATNet,Published Confirmed,0,<a refstr=IVSHINA__AMP__WINN_2022 href=https://ui.adsabs.harvard.edu/abs/2022ApJS..259...62I/abstract target=ref>Ivshina &amp; Winn 2022</a>,3.7998529,0.0000017,-0.0000017,0,,,,,,,,,,,,,,,,,,,,,,,,,,,,,,,,,,0,,,,,,,,,,,,,,,,,,,,,,,,<a refstr=STASSUN_ET_AL__2019 href=https://ui.adsabs.harvard.edu/abs/2019AJ....158..138S/abstract target=ref>TICv8</a>,06h39m35.52s,99.8979924,+25d28m56.64s,25.4824005,143.651,0.583,-0.579,13.398,0.069,-0.069,10.326,0.019,-0.019,2022-10-18,13.0172,0.001035,-0.001035,2022-10-18,2022-04
HAT-P-54 b,HAT-P-54,0,CONFIRMED,Bakos et al. 2015,1,1,Transit,2015,HATNet,TESS Project Candidate,0,<a refstr=EXOFOP_TESS_TOI href=https://exofop.ipac.caltech.edu/tess/view_toi.php target=ref>ExoFOP-TESS TOI</a>,3.799853582,0.00000143234,-0.00000143234,0,,,,,13.26706229,1.129092,-1.129092,0,1.18361006,0.10073101,-0.10073101,0,,,,,,,,,,,,,,88.6713,,,0,782.65,,,0,0,<a refstr=EXOFOP_TESS_TOI href=https://exofop.ipac.caltech.edu/tess/view_toi.php target=ref>ExoFOP-TESS TOI</a>,,4133.4,108.67,-108.67,0,0.759375,0.064372,-0.064372,0,,,,,,,,,,4.48806,0.100894,-0.100894,0,<a refstr=STASSUN_ET_AL__2019 href=https://ui.adsabs.harvard.edu/abs/2019AJ....158..138S/abstract target=ref>TICv8</a>,06h39m35.52s,99.8979924,+25d28m56.64s,25.4824005,143.651,0.583,-0.579,13.398,0.069,-0.069,10.326,0.019,-0.019,2024-12-10,13.0172,0.001035,-0.001035,2024-12-10,2017-07
HAT-P-54 b,HAT-P-54,0,CONFIRMED,Bakos et al. 2015,1,1,Transit,2015,HATNet,Published Confirmed,0,<a refstr=KOKORI_ET_AL__2022 href=https://ui.adsabs.harvard.edu/abs/2022ApJS..258...40K/abstract target=ref>Kokori et al. 2022</a>,3.7998534,0.0000008,-0.0000008,0,,,,,,,,,,,,,,,,,,,,,,,,,,,,,,,,,,0,<a refstr=BAKOS_ET_AL__2015 href=https://ui.adsabs.harvard.edu/abs/2015AJ....149..149B/abstract target=ref>Bakos et al. 2015</a>,,4390,50,-50,0,0.617,0.013,-0.013,0,0.645,0.02,-0.02,0,-0.127,0.08,-0.08,0,[Fe/H],4.667,0.012,-0.012,0,<a refstr=STASSUN_ET_AL__2019 href=https://ui.adsabs.harvard.edu/abs/2019AJ....158..138S/abstract target=ref>TICv8</a>,06h39m35.52s,99.8979924,+25d28m56.64s,25.4824005,143.651,0.583,-0.579,13.398,0.069,-0.069,10.326,0.019,-0.019,2022-01-24,13.0172,0.001035,-0.001035,2022-01-24,2022-02
HAT-P-54 b,HAT-P-54,0,CONFIRMED,Bakos et al. 2015,1,1,Transit,2015,HATNet,Published Confirmed,0,<a refstr=BONOMO_ET_AL__2017 href=https://ui.adsabs.harvard.edu/abs/2017A&A...602A.107B/abstract target=ref>Bonomo et al. 2017</a>,3.799847,0.000014,-0.000014,0,0.04122,0.00043,-0.00043,0,10.581296,0.313852,-0.313852,0,0.944,0.028,-0.028,0,578.4506,731.009,-311.4734,0,1.82,2.3,-0.98,0,Mass,0.66,,,1,,,,,,,,,0,<a refstr=BONOMO_ET_AL__2017 href=https://ui.adsabs.harvard.edu/abs/2017A&A...602A.107B/abstract target=ref>Bonomo et al. 2017</a>,,4390,50,-50,0,0.617,0.013,-0.013,0,0.645,0.02,-0.02,0,-0.127,0.08,-0.08,0,[Fe/H],,,,,<a refstr=STASSUN_ET_AL__2019 href=https://ui.adsabs.harvard.edu/abs/2019AJ....158..138S/abstract target=ref>TICv8</a>,06h39m35.52s,99.8979924,+25d28m56.64s,25.4824005,143.651,0.583,-0.579,13.398,0.069,-0.069,10.326,0.019,-0.019,2019-03-21,13.0172,0.001035,-0.001035,2019-03-18,2017-06
HAT-P-56 b,HAT-P-56,0,CONFIRMED,Huang et al. 2015,1,1,Transit,2015,HATNet,Published Candidate,0,<a refstr=VANDERBURG_ET_AL__2016 href=https://ui.adsabs.harvard.edu/abs/2016ApJS..222...14V/abstract target=ref>Vanderburg et al. 2016</a>,2.7908821,,,0,,,,,19.1,,,0,1.70398787,,,0,,,,,,,,,,,,,,,,,,,,,,0,<a refstr=VANDERBURG_ET_AL__2016 href=https://ui.adsabs.harvard.edu/abs/2016ApJS..222...14V/abstract target=ref>Vanderburg et al. 2016</a>,,6659,,,0,1.8,,,0,,,,,,,,,,,,,,<a refstr=STASSUN_ET_AL__2019 href=https://ui.adsabs.harvard.edu/abs/2019AJ....158..138S/abstract target=ref>TICv8</a>,06h43m23.52s,100.8480137,+27d15m07.86s,27.2521823,320.639,5.652,-5.463,10.92,0.03,-0.03,9.83,0.016,-0.016,2015-12-05,10.8245,0.00042,-0.00042,2015-12-05,2016-01
HAT-P-56 b,HAT-P-56,0,CONFIRMED,Huang et al. 2015,1,1,Transit,2015,HATNet,Published Confirmed,0,<a refstr=KOKORI_ET_AL__2022 href=https://ui.adsabs.harvard.edu/abs/2022ApJS..258...40K/abstract target=ref>Kokori et al. 2022</a>,2.7908235,0.0000009,-0.0000009,0,,,,,,,,,,,,,,,,,,,,,,,,,,,,,,,,,,0,<a refstr=HUANG_ET_AL__2015 href=https://ui.adsabs.harvard.edu/abs/2015AJ....150...85H/abstract target=ref>Huang et al. 2015</a>,,6566,50,-50,0,1.428,0.03,-0.03,0,1.296,0.036,-0.036,0,-0.077,0.08,-0.08,0,[M/H],4.24,0.015,-0.015,0,<a refstr=STASSUN_ET_AL__2019 href=https://ui.adsabs.harvard.edu/abs/2019AJ....158..138S/abstract target=ref>TICv8</a>,06h43m23.52s,100.8480137,+27d15m07.86s,27.2521823,320.639,5.652,-5.463,10.92,0.03,-0.03,9.83,0.016,-0.016,2022-01-24,10.8245,0.00042,-0.00042,2022-01-24,2022-02
HAT-P-56 b,HAT-P-56,0,CONFIRMED,Huang et al. 2015,1,1,Transit,2015,HATNet,Published Confirmed,0,<a refstr=KOKORI_ET_AL__2023 href=https://ui.adsabs.harvard.edu/abs/2023ApJS..265....4K/abstract target=ref>Kokori et al. 2023</a>,2.790825,0.00000037,-0.00000037,0,,,,,,,,,,,,,,,,,,,,,,,,,,,,,,,,,,0,<a refstr=HUANG_ET_AL__2015 href=https://ui.adsabs.harvard.edu/abs/2015AJ....150...85H/abstract target=ref>Huang et al. 2015</a>,,6566,50,-50,0,1.428,0.03,-0.03,0,1.296,0.036,-0.036,0,-0.077,0.08,-0.08,0,[M/H],4.24,0.015,-0.015,0,<a refstr=STASSUN_ET_AL__2019 href=https://ui.adsabs.harvard.edu/abs/2019AJ....158..138S/abstract target=ref>TICv8</a>,06h43m23.52s,100.8480137,+27d15m07.86s,27.2521823,320.639,5.652,-5.463,10.92,0.03,-0.03,9.83,0.016,-0.016,2024-03-04,10.8245,0.00042,-0.00042,2024-03-04,2023-03
HAT-P-56 b,HAT-P-56,0,CONFIRMED,Huang et al. 2015,1,1,Transit,2015,HATNet,Published Candidate,0,<a refstr=KRUSE_ET_AL__2019 href=https://ui.adsabs.harvard.edu/abs/2019ApJS..244...11K/abstract target=ref>Kruse et al. 2019</a>,2.790862,0.000015,-0.000016,0,,,,,16.72,1.98,-0.86,0,1.492,0.177,-0.077,0,,,,,,,,,,,,,,,,,,,,,,0,<a refstr=KRUSE_ET_AL__2019 href=https://ui.adsabs.harvard.edu/abs/2019ApJS..244...11K/abstract target=ref>Kruse et al. 2019</a>,,,,,,1.439,0.168,-0.054,0,,,,,,,,,,,,,,<a refstr=STASSUN_ET_AL__2019 href=https://ui.adsabs.harvard.edu/abs/2019AJ....158..138S/abstract target=ref>TICv8</a>,06h43m23.52s,100.8480137,+27d15m07.86s,27.2521823,320.639,5.652,-5.463,10.92,0.03,-0.03,9.83,0.016,-0.016,2019-09-05,10.8245,0.00042,-0.00042,2019-09-05,2019-09